SET SQL_MODE = "NO_AUTO_VALUE_ON_ZERO";
START TRANSACTION;
SET time_zone = "+00:00";

DROP TABLE IF EXISTS `venta_metodos_pago`;
DROP TABLE IF EXISTS `detalles_venta`;
DROP TABLE IF EXISTS `descuento_productos`;
DROP TABLE IF EXISTS `gastos`;
DROP TABLE IF EXISTS `codigos_acceso`;
DROP TABLE IF EXISTS `imagenes`;
DROP TABLE IF EXISTS `ventas`;
DROP TABLE IF EXISTS `metodos_pago`;
DROP TABLE IF EXISTS `categoria_productos`;
DROP TABLE IF EXISTS `productos`;
DROP TABLE IF EXISTS `usuarios`;
DROP TABLE IF EXISTS `categorias`;
DROP TABLE IF EXISTS `descuentos`;
DROP TABLE IF EXISTS `auditorias`;


CREATE TABLE `codigos_acceso` (
  `codigo` varchar(100) NOT NULL,
  `ID_usuario` int(11) NOT NULL,
  `fecha_expiracion` datetime NOT NULL DEFAULT current_timestamp()
) ENGINE=InnoDB DEFAULT CHARSET=utf8mb4 COLLATE=utf8mb4_bin;

CREATE TABLE `detalles_venta` (
  `ID_venta` int(11) NOT NULL,
  `ID_producto` int(11) NOT NULL,
  `cantidad` int(11) NOT NULL
) ENGINE=InnoDB DEFAULT CHARSET=utf8mb4 COLLATE=utf8mb4_bin;

CREATE TABLE `gastos` (
  `ID_gasto` int(11) NOT NULL,
  `ID_usuario` int(11) NOT NULL,
  `motivo` varchar(200) DEFAULT NULL,
  `valor` int(11) NOT NULL,
  `fecha` datetime NOT NULL DEFAULT current_timestamp()
) ENGINE=InnoDB DEFAULT CHARSET=utf8mb4 COLLATE=utf8mb4_bin;

CREATE TABLE `productos` (
  `ID_producto` int(11) NOT NULL,
  `nombre` varchar(32) NOT NULL,
  `descripcion` varchar(200) DEFAULT NULL,
  `precio` int(11) NOT NULL,
  `stock` int(11) NOT NULL DEFAULT 0,
  `stock_minimo` int(11) DEFAULT NULL,
  `activo` boolean NOT NULL DEFAULT 1
) ENGINE=InnoDB DEFAULT CHARSET=utf8mb4 COLLATE=utf8mb4_bin;

CREATE TABLE `imagenes` (
  `ID_imagen` int(11) NOT NULL,
  `ID_producto` int(11) NOT NULL,
  `imagen` longblob NOT NULL
) ENGINE=InnoDB DEFAULT CHARSET=utf8mb4 COLLATE=utf8mb4_bin;

CREATE TABLE `usuarios` (
  `ID_usuario` int(11) NOT NULL,
  `nombre` varchar(16) NOT NULL,
  `contrasena` varchar(256) NOT NULL,
  `tipo` ENUM('común', 'administrador') NOT NULL,
  `activo` boolean NOT NULL DEFAULT 1
) ENGINE=InnoDB DEFAULT CHARSET=utf8mb4 COLLATE=utf8mb4_bin;

--

-- --------------------------------------------------------

CREATE TABLE `metodos_pago` (
  `ID_metodo_pago` int(11) NOT NULL,
  `nombre` varchar(50) NOT NULL
) ENGINE=InnoDB DEFAULT CHARSET=utf8mb4 COLLATE=utf8mb4_bin;

CREATE TABLE `ventas` (
  `ID_venta` int(11) NOT NULL,
  `ID_usuario` int(11) NOT NULL,
  `fecha` datetime NOT NULL DEFAULT current_timestamp(),
  `activo` boolean NOT NULL DEFAULT 1
) ENGINE=InnoDB DEFAULT CHARSET=utf8mb4 COLLATE=utf8mb4_bin;

CREATE TABLE `venta_metodos_pago` (
  `ID_venta` int(11) NOT NULL,
  `ID_metodo_pago` int(11) NOT NULL,
  `cantidad_paga` int(11) NOT NULL
) ENGINE=InnoDB DEFAULT CHARSET=utf8mb4 COLLATE=utf8mb4_bin;

-- Crear tabla 'categorias'
CREATE TABLE `categorias` (
  `ID_categoria` int(11) NOT NULL,
  `nombre` varchar(100) NOT NULL
) ENGINE=InnoDB DEFAULT CHARSET=utf8mb4 COLLATE=utf8mb4_bin;

-- Crear tabla 'categoria_productos' para la relación N-N entre productos y categorias
CREATE TABLE `categoria_productos` (
  `ID_producto` int(11) NOT NULL,
  `ID_categoria` int(11) NOT NULL
) ENGINE=InnoDB DEFAULT CHARSET=utf8mb4 COLLATE=utf8mb4_bin;

-- Crear tabla 'Descuento' 
CREATE TABLE `descuentos` (
  `ID_descuento` int(11) NOT NULL,
  `porcentaje` int(3) NOT NULL,
  `fecha` datetime NOT NULL DEFAULT current_timestamp(),
  `fecha_expiracion` datetime NOT NULL DEFAULT (current_timestamp() + INTERVAL 7 DAY),
  `activo` boolean NOT NULL DEFAULT 1
) ENGINE=InnoDB DEFAULT CHARSET=utf8mb4 COLLATE=utf8mb4_bin;

-- Crear tabla 'Descuento_productos' para la relación N-N entre productos y descuentos
CREATE TABLE `descuento_productos` (
  `ID_producto` int(11) NOT NULL,
  `ID_descuento` int(11) NOT NULL
) ENGINE=InnoDB DEFAULT CHARSET=utf8mb4 COLLATE=utf8mb4_bin;
--

CREATE TABLE `auditorias` (
    ID_auditoria int(11) NOT NULL,
    ID_registro_auditado int(11) NOT NULL,
    tabla varchar(50) NOT NULL,
    campo varchar(50) NOT NULL,
    valor_anterior text,
    valor_nuevo text,
    fecha_cambio datetime NOT NULL DEFAULT current_timestamp(),
    ID_usuario int(11) NOT NULL,
    accion ENUM('insertar', 'actualizar') NOT NULL
) ENGINE=InnoDB DEFAULT CHARSET=utf8mb4 COLLATE=utf8mb4_bin;

-- Indexes for table `codigos_acceso`
--
ALTER TABLE `codigos_acceso`
  ADD PRIMARY KEY (`codigo`);

--
-- Indexes for table `detalles_venta`
--
ALTER TABLE `detalles_venta`
  ADD KEY `ID_venta` (`ID_venta`,`ID_producto`),
  ADD KEY `ID_producto` (`ID_producto`);

--
-- Indexes for table `gastos`
--
ALTER TABLE `gastos`
  ADD PRIMARY KEY (`ID_gasto`),
  ADD KEY `ID_usuario` (`ID_usuario`);

--
-- Indexes for table `imagenes`
--
ALTER TABLE `imagenes`
  ADD PRIMARY KEY (`ID_imagen`),
  ADD KEY `ID_producto` (`ID_producto`);
  
--
-- Indexes for table `productos`
--
ALTER TABLE `productos`
  ADD PRIMARY KEY (`ID_producto`);

--
-- Indexes for table `usuarios`
--
ALTER TABLE `usuarios`
  ADD PRIMARY KEY (`ID_usuario`);

--

ALTER TABLE `metodos_pago`
  ADD PRIMARY KEY (`ID_metodo_pago`);

ALTER TABLE `venta_metodos_pago`
  ADD PRIMARY KEY (`ID_venta`, `ID_metodo_pago`);

-- Indexes for table `ventas`
--

ALTER TABLE `ventas`
  ADD PRIMARY KEY (`ID_venta`),
  ADD KEY `ID_usuario` (`ID_usuario`);

ALTER TABLE `descuentos`
  ADD PRIMARY KEY (`ID_descuento`);

ALTER TABLE `categorias`
  ADD PRIMARY KEY (`ID_categoria`);

ALTER TABLE `categoria_productos`
  ADD PRIMARY KEY (`ID_producto`, `ID_categoria`),
  ADD KEY `ID_categoria` (`ID_categoria`);

ALTER TABLE `descuento_productos`
  ADD PRIMARY KEY (`ID_producto`, `ID_descuento`),
  ADD KEY `ID_descuento` (`ID_descuento`);

ALTER TABLE `auditorias`
  ADD PRIMARY KEY (`ID_auditoria`);


--
-- AUTO_INCREMENT for dumped tables
--
ALTER TABLE `ventas`
  MODIFY `ID_venta` int(11) NOT NULL AUTO_INCREMENT, AUTO_INCREMENT=1;
--
-- Auto increment para 'metodos_pago'
--
ALTER TABLE `metodos_pago`
  MODIFY `ID_metodo_pago` int(11) NOT NULL AUTO_INCREMENT, AUTO_INCREMENT=1;
--
-- AUTO_INCREMENT for table `gastos`
--
ALTER TABLE `gastos`
  MODIFY `ID_gasto` int(11) NOT NULL AUTO_INCREMENT, AUTO_INCREMENT=1;

--
-- AUTO_INCREMENT for table `imagenes`
--
ALTER TABLE `imagenes`
  MODIFY `ID_imagen` int(11) NOT NULL AUTO_INCREMENT, AUTO_INCREMENT=1;

--
-- AUTO_INCREMENT for table `productos`
--
ALTER TABLE `productos`
  MODIFY `ID_producto` int(11) NOT NULL AUTO_INCREMENT, AUTO_INCREMENT=1;

--
-- AUTO_INCREMENT for table `usuarios`
--
ALTER TABLE `usuarios`
  MODIFY `ID_usuario` int(11) NOT NULL AUTO_INCREMENT, AUTO_INCREMENT=1;

-- Auto increment para 'Descuento'
ALTER TABLE `descuentos`
  MODIFY `ID_descuento` int(11) NOT NULL AUTO_INCREMENT, AUTO_INCREMENT=1;
--
-- Auto increment para 'categoria'
ALTER TABLE `categorias`
  MODIFY `ID_categoria` int(11) NOT NULL AUTO_INCREMENT, AUTO_INCREMENT=1;

ALTER TABLE `auditorias`
  MODIFY `ID_auditoria` int(11) NOT NULL AUTO_INCREMENT, AUTO_INCREMENT=1;
  
-- Constraints for dumped tables
--

--
-- Constraints for table `detalles_venta`
--
ALTER TABLE `detalles_venta`
  ADD CONSTRAINT `detalles_venta_ibfk_1` FOREIGN KEY (`ID_producto`) REFERENCES `productos` (`ID_producto`),
  ADD CONSTRAINT `detalles_venta_ibfk_2` FOREIGN KEY (`ID_venta`) REFERENCES `ventas` (`ID_venta`);

--
-- Constraints for table `gastos`
--
ALTER TABLE `gastos`
  ADD CONSTRAINT `fk_gastos_usuarios` FOREIGN KEY (`ID_usuario`) REFERENCES `usuarios` (`ID_usuario`) ON DELETE CASCADE ON UPDATE CASCADE;

--
-- Constraints for table `imagenes`
--
ALTER TABLE `imagenes`
  ADD CONSTRAINT `fk_imagenes_productos` FOREIGN KEY (`ID_producto`) REFERENCES `productos` (`ID_producto`) ON DELETE CASCADE ON UPDATE CASCADE;

--
-- Constraints for table `ventas`
--
ALTER TABLE `ventas`
  ADD CONSTRAINT `fk_ventas_usuario` FOREIGN KEY (`ID_usuario`) REFERENCES `usuarios` (`ID_usuario`);

ALTER TABLE `venta_metodos_pago`
  ADD CONSTRAINT `fk_venta_metodos_pago_venta` FOREIGN KEY (`ID_venta`) REFERENCES `ventas` (`ID_venta`) ON DELETE CASCADE,
  ADD CONSTRAINT `fk_venta_metodos_pago_metodo_pago` FOREIGN KEY (`ID_metodo_pago`) REFERENCES `metodos_pago` (`ID_metodo_pago`) ON DELETE CASCADE;

-- Alterar las tablas para añadir índices y llaves primarias
-- Alterar tabla 'productos' para crear la relación con 'Descuento_productos'
ALTER TABLE `descuento_productos`
  ADD CONSTRAINT `fk_descuento_productos_productos` FOREIGN KEY (`ID_producto`) REFERENCES `productos` (`ID_producto`) ON DELETE CASCADE ON UPDATE CASCADE,
  ADD CONSTRAINT `fk_descuento_productos_descuento` FOREIGN KEY (`ID_descuento`) REFERENCES `descuentos` (`ID_descuento`) ON DELETE CASCADE ON UPDATE CASCADE;

-- Alterar tabla 'productos' para crear la relación con 'categoria_productos'
ALTER TABLE `categoria_productos`
  ADD CONSTRAINT `fk_categoria_productos_productos` FOREIGN KEY (`ID_producto`) REFERENCES `productos` (`ID_producto`) ON DELETE CASCADE ON UPDATE CASCADE,
  ADD CONSTRAINT `fk_categoria_productos_categoria` FOREIGN KEY (`ID_categoria`) REFERENCES `categorias` (`ID_categoria`) ON DELETE CASCADE ON UPDATE CASCADE;
COMMIT;

INSERT INTO `usuarios` (`ID_usuario`, `nombre`, `contrasena`, `tipo`) VALUES
(222, 'banananana', '17007d055e4149923bf0a9b8beec5dd3eeeebadbbe993b09bcdb9c2b86f0126c', ''),
(1337, 'asd', 'ef797c8118f02dfb649607dd5d3f8c7623048c9c063d532cc95c5ed7a898a64f', 'administrador'),
(101, 'dsa', 'ef797c8118f02dfb649607dd5d3f8c7623048c9c063d532cc95c5ed7a898a64f', 'común');

INSERT INTO `categorias` (nombre) VALUES ('Alimentos'), ('Juguetes'), ('Accesorios'), ('Camas y Mantas'), ('Higiene'), ('Collares y Correas'), ('Transportadoras'), ('Areneros'), ('Ropa para Mascotas'), ('Comederos y Bebederos'), ('Rascadores'), ('Casetas'), ('Sustratos'), ('Adiestramiento');

INSERT INTO `metodos_pago` (`nombre`) VALUES ('Efectivo'), ('Tarjeta');

INSERT INTO `productos` (`ID_producto`, `nombre`, `descripcion`, `precio`, `stock`, `stock_minimo`, `activo`) VALUES
(1, 'Alimento para Perros', 'Alimento seco para perros adultos.', 500, 50, 10, 1),
(2, 'Alimento para Gatos', 'Alimento seco para gatos adultos.', 450, 30, 5, 1),
(3, 'Juguete para Perros', 'Juguete de goma para morder.', 150, 100, 20, 1),
(4, 'Juguete para Gatos', 'Pelota de lana para gatos.', 100, 80, 15, 1),
(5, 'Cama para Perros', 'Cama suave y cómoda para perros.', 800, 20, 5, 1),
(6, 'Correa para Perros', 'Correa resistente para perros.', 200, 60, 10, 1);

INSERT INTO categoria_productos (ID_producto, ID_categoria) VALUES
(1, 1),
(2, 1),
(3, 2),
(4, 2),
(5, 4),
(6, 3);

INSERT INTO `descuentos` (`ID_descuento`, `porcentaje`, `fecha_expiracion`) VALUES
(1, 10, NOW() + INTERVAL 2 DAY),
(2, 15, NOW() + INTERVAL 3 DAY),
(3, 20, NOW() + INTERVAL 4 DAY);

INSERT INTO `descuento_productos` (`ID_producto`, `ID_descuento`) VALUES
(1, 1),
(2, 2),
(1, 3),
(3, 1),
(4, 2),
(4, 3),
(4, 1);

INSERT INTO ventas (ID_usuario, fecha, activo) VALUES
(1337, NOW(), 1),
(101, NOW(), 1),
(101, NOW(), 1);

INSERT INTO detalles_venta (ID_venta, ID_producto, cantidad) VALUES
(1, 1, 2),
(1, 3, 1),
(2, 2, 1),
(2, 4, 2),
(3, 5, 2);

INSERT INTO venta_metodos_pago (ID_venta, ID_metodo_pago, cantidad_paga) VALUES
(1, 1, 800),
(1, 2, 350),
(2, 2, 250),
(2, 1, 400),
(3, 1, 1600);

INSERT INTO `imagenes` (`ID_imagen`, `ID_producto`, `imagen`) VALUES
(1, 6, 0x89504e470d0a1a0a0000000d49484452000002000000020004030000000656c9c900000021504c5445ccccccffffff000000ffe400474747cab400ffb1db793bb6cd2d00c87aa4ff653927def649000020004944415478daec9dcf6edbb816c6652fb236651828ee2a24eb007769097e81a2f300768100b32b0c54815f204096dd05dd4f022fefae8f794989ff4552a44d5199da2266269338b2f8f177be7348517181aefc286e02dc04b8097013e026c04d809b0037016e02dc04b809701360ec03b44779a50200e528af4f00601ce575090001f8a80a1413f5ffc328504cd5ff8fa2403159ff01b812019cfdff18088c2f00701f572100f408505e8100befe7f08048ae902e02a04f003f01162a09812808f80403125003701fe7801c0950b006f020c1de59f2d00b872018601f8c343e026c0b50b006e02dc04489604f0bf50009850005cff99024cdfff7f89007517507f9c00a1115057ec64e5750a400360b4d2395a00321ab9e782028031a2205e80bace2c8002c00808440b8083158089224005203d02b10294148130091209501301469c4017b1c6d62210a4409a0541f276fa992617a043a0be5c80b300488e40a400f4fd71a0024904e801901a812212002010a82f1520180038e6325abc0002816a18978b05c0bd08488d401119013108248880ba1f01530a00d9fbe330051245c0b84bc96708500a04aab105a01688c65d472aa223408981fa02173c3f02a613008a6bc74108c0512c30710c9c27401802303d0033d2d22250c447801a03d5b9265086f55f0360d1b6e90480cad5e34b05089c776a02cc584b1a036709106a831703a045c042b48904e8062106818b36895a01e0ff9e4200c8064117a03e4f80b300e864bba75f4d25c08c2370690c8401605d0998d36b28271040b3e1c018b820026a3502ca7bd8fe4ed3340744af610201a0b0611d81b34c20160034a7df7b68e881da6b9844808596892f89816800c8c0a3a63b0e905e437e01b43c7c611e28c300a80400778d3c0e905e433981000b3b02670810d67f1901f78d2ac07dd24aa0088f80990381f818080a00250254008809b4d7905b00158045a0006bdac02a3e020c00160fba008b949540b800330381e118d8a35d49fe017bf2158c06a016f4cc69b78f2721407b0d655e01a006401802edf07718988b8a210088085820430098b21208166006e61068b5c0d0e2e85e69ea510602c0a1993f9802a4ac040205a0c3cec66f01eee1222006d64a8b3aac0034a793cc83206125102a0001a0e1abc2733403213708c8d0e36f356d75f01dd53e00338b00092b81300168d43d906aac2bcb908980d303ea2d69eab11d8602eb16b8281ffa025004f20a306b23918e0a79df660e75041c0068c34f8feeffedce6000202260d617a04b495905609148b527fdff4e8ab18018c05b0d80add23c18603d0248ac379d07aa0224ac044205983d746fddcec90e73be38eb8901ac0dff37a3b93010a9552c03d9046811c82800e491c8e6a4df91b12a60edbf1afddb7eb3bb014f2c020016014400990741c2341028c0acecc4ffaf3a27f7c500ae7bb1df6b1608c41c5b548edd1bb7029c4e6fac104898068204a0b9bfbb8c6377092c0d006959befe6f5dad322190536ca05701cdd3492a7020af4c36210c136006eeb4404470e68d01ec1b7837044232b112d0794f9b045404ba95c16c0274558026c03d5f15b0c6005686d98b8080c0a0460250da04602e944f00362193021cbcf3012c8778c0052404a5da7f1901cc7b84008d3225cc2780528f9fe4ba9cb314c0faf0d76110a8ae21570200d204908b02d485ca7c02cc4c019040a03727d68bbf8064d042402a034b04cc008b80e3cb495b14698bd17c022cca7b4300ee01fdd5e175ed3e3c10a8c05412006e014f22fa9907d062349700b40ab86302bc8962cc7597f05bed3b86d2823111e45540f36208707748b52e1824005f95932ecc4ac1fe5e816ded3fb6de66ac04006e014f474380e63b4c94068a100b608b32aa0096bb84356a6379e8f02280d508988908389e0c0b68e6a9d2401191049a7729004f03dad260b702509f0f41d5ee0b5300e002bc1b027413d232970033746712c04a413d06ccf97f3404152909590450c4e63c09f692c05d3b21cd230094b7661401441a0025d28736e47021b0167793d84690c69e045829984f005e08bebca9eb727a0c98c5df5910b4b302b11d8447402f09300fc826004b0247e901a2141431b08d00c00341c5ef1ee800f492c021d54691222209102f7e6e6429a8ec19ab6201706350895bd1528093444ff3806c02b042f0787a7f6bcc52b02d875134002e0c5839d19e5d44c0e9bd9706bb45a96c02dcf53c409482ed65ecf13900d830e00a4005009a04cc18e8ee4de410002ab767df4fef4daf142457ba46e701d047a15614107b42bae5209b07949904988b558967753e2e3c605f9f0f80f568df5844004902a600cc033209b040df792cbe3d899559391b58d7dbfa52042c0a2800bc9fcc18e83c2017017c8f0ef1806765a70e7780de742e91028280d34b4f80ce037208a0eed1a11ef024d200efff363d00ba02c7f7932900f3009049803977e3d34bf32cef50b222600c0034058e2f6fa609300fc824c042cc49de4f4f8d2ec07a2400540548df8fbd348016209b0025f700928f9f1902ac14542a80c400280ad804607b14c61700ca42b0b563dd03ca351e0d00a90009ffa36102f93ca015c0e2010dea00a8c703402840bb6e0890cf03a0ea015a29d85600a302a0fb809106d022cdf36341043cdc89928c7b0015608fbe8d0b80a2c0d11040ec53caed014a29b8d24ac05100900a182ec83d607c01f4bdba47590a22980300c5093501b807e41140eed57d523c609d0500a1c071220f00ca64907ac08bd8a9130b4075692e6826f100a07940234bc11fb1005428cdcce841de17489107e33ca04d03dda19780df427a819328d07d2137aae5f680b7330140b844753a05f846b5b10580ba073c8b55c17d641188d0a6bc00015581035296a5b308a07800af477ea055d43410a12558a2840ae4f200687800af47f6306a1a484eb4011bf54ef2450a90ff1e504601d46776ba9a9c0010330b20e72100806599480182405601e68a001481470a408403d0d36c4087004ea2007ac829c042dea16811f8e7ed47f3232205905e8325e008042b5061f75af1011d527d78619007ccd51aecf8f7db63135103b0f8ef5a15a100f2ac9623985380854a40f3e3f44f135103f0f8670d052b50d95e5831050e289300dd635b9a008fa7bf0fe100c8f8672d5401da55c7b709ffc485f209a07b0089ff0800e829965a2bc314201d5d5a5fd7edc6a3cf24e62340f380c7e6f1103afcf46237c068610a90b7ded89366ab002944613e01540f3001f0cd72e9a52e41af85285051e770d5cefca9e4493cc004c063eb552ffe652a1850a042cc2f9c67de57fb7c1e00900ac041030021cf5562b0b4b641062acc5286fdc77473f9962190418099520a1200506f470f76d81fdc00471b50800100ac99b07be48cee29cc2500f180071700749a679de72323ff47f9408545d5e0d9558456b9049809014c00c858d10a1fdbec0f828da7f97ca042f255d8bda308ed3209b090dbb53400ba9deded4085d97fa80f687307cfb63298cd03a4002a00ddc66ecb40b5bfb8196a4e052aa576d005301f3edd651160a17a8009802d5651bffc73fa00f202405f83ddbb0ad730bf07580168235a0bff0d08699555814a2b1ed517f49e3f86bb4c1ec09f5b3000a89012d1ca13947009c29a9501bd7a50c2c4f2a4512e0fe0b3210300d5e891fcb3fb61c32f7cc050a082e62b3c08e4f20026801b008640cb74e8f08bf5015d01f3f7951f5b1e40cfe4014c001d804acff4250ac8fe96662850c11e24d8b9b99ca681328b07200b00a6d5b7afc76019db740590c5273c7f8320d75c000d02d01a368a1d7efe7bc809004504bb9e2ea0954096b9405b09e90054fd5c5f9e31fcc207b003007555606bab04b278402b800e4094d987f8007600a0ac0a58108079ea002a8009c0b9c3edf401ec3a2bc7c3facc711602da525003a04a0a00f301ec386be546a0da67f280121100b0ba0a901400e603aeb37a1040790820023c1ef62302c07c00b9e60cfcc944735b0aa9043209b06ec605a0f301ecc443fc25b25e1ac824c05e05008d0040eb03d0f913ea901899db52682590e3de20a09b42b1ba103c0200a48ef0ad1c88bb01bdbf3f9245809d227d3512007e38688a40bdddc90910081260a53c18e25bef1fad95edc7ee6ad7c1d34016017680dbefbec6130020e7193d04d03e930708c1cbd8197fa214d12e33ad8c475412201026800000c13274c52f692bbb04b1eb2190c903240070020750da0a9908acc715001900a0491c40b65d691683fb0c028847435a0798128065ef3195b13da01540c45dfb4cfb94006cb48a44fce199910510a2d365e07262002c087c6d2ff4abd6920a200140c4863713374b1af83ad8ce16e033d200802b1075d3078d8180590cae0304f0b4e1c7e674007611b77cd039f709e211f87c9102858f91afe80b24c59702c02a0a00147aa3380601b31844e832011cb1c2bf03775cf0aa03601776db174a0946ae04aafd8521e07fc19a03507700ac40d87d7f751b231eb912b84c00ffcfbf409e7749040401506a4b499d04a356027b94c2033c08b088ab5007c06a7885bfff11698911489906864240c8bd6700ec8687dff2a942214bc2a189236d1a280201d8b69f18340080adfb9d02437b068d03e74b0343212027821c809df7f60e747cb2d470c58082313010b82c0d0c08f0979808720056de9b3bce0f578383f50232f6bbc03c69602004d489e0000076fc651078861fda3f89cb5d09244c03c51000984f04575e044a5fff5b055c9ee1f968691886c0881e400040ea3cc08d00ebc9ebff9c9fb169ff1de4fd504e387e1a28821c4094812e0078ff7ffd742200c33d43d9076f7db79469c01b02ca3c007a01605df9ed02c086c040ffb9042169602c0ff84bcc0364196845808dffafd75faf3f412002a5d733a40270e434500495817420dc08545d5f3efd7e0d47a00ae87fe704161f4899068a903290eedf7503c0c6f21305c0e901f45506347dfefff3fa4b34a9001e42a01acb03beecc58e00e80180f5e59502f0fba78767fd19624bfcff7ed51a57c0829c9e06d0e7913c00098981db0378ffbb81fb09421028edfef7e9d7abda7e321fc063a68122601e2017832c08b000d086cd858076b3d772e800fc9fb96bd9715449a22e6b167759d0b264dd95098a0f6890f723cb3f806bea7fa676a5f992fb9963481e1991119981c984369b56b58dcdc913271e2411839e70cf1f1037904803f828e09471624e6d9707a0f41320c30418f42467a28188a1e041910734dd1208043006709e97cd27e9d60326ec3b180d1852291a43c47303074514809dc08910a0c0b6ebf569f3dd7ef61d98003f5638e02f0ad549346026408da280d6f5e6ccb2f136e02700d5804ca4404d43c18f141a304501b213e8af9f5f364f302886c08c13e029408a42ab00504401a21330defccc48b72402836e086ff84738534e63017a6f208d06c0b431b4f8c51200858058ba05004aa31b520e8435807520e337477303877014409c404bbdf9192d9c170030918308c03f829a3814a0a120c4d780390a909cc0e4cd05cbe544c0848ed2ff8b5472b6a6016e64b50680b013c09940eb86735a0d18dc800c804c259a1442b48a80ac01d5bc39dc4f0094c4fdcfcf80fe73621944762739a90b100d58e106441300dc23c0a5c01ccf9f951a60b281da03001705b00525003a9a26ba064c51c0f3ecbf180a58f1fc59af01a5cf09649ef3904800a285828760142004827642a7d5803e1bc8e54a90e73c24188c170a1e8251001f08a2844e1b0ae6a63b50a6d1003e86987310dccc2ab506b40e0550467f166d9709056b0f00724e913b4f2aa35e262934607e46b070350067f47fffa8d241b38c1e06789c09710339d923105f03c07a489409044942a74c071768c0b79047580f92c509050f4102b0812049e8966980260e081495f368a1a0600237408d22a806d08c7e990668e200218fb0ba0aa4d5801be05e41840274157525a10571c0b75c4e9a1e298f130a4a2650cedd02190da0258df382929007004f34e1dc582a238582220073b348570372279fd196847afd50684016d6800675358cad0103c00da301ec22ea34c0d8b19c0d7ac249270e281bdcd3ec23ae0680d52d1432aa016e51efef056561453de09b7720db69c00dfa87b5c749d85403dc4b386b3460b063d90d78cec1c4014d420db881dddaca7102437f215ec063d404c5cf6ea60125eeed85e300aeaeafd180b1acd30fb3b666963a1af09d2dd580d723210d005403b8253c2b346014f2b14195a801dfc10d26a6b50cea6a145503080044030600def848207c7bb8fffc1b43020f894859986a4013590350732b47030c00ef6afba5c15cdecf151e0fe61c624159d48026ae06dca0f16b40410960f970c5169161b4f41ba5815c54a235c1a1bb522a0d2000b01a406df86fcff299a5b6f707141605dea9067c07771865399d771e5b039aa51a3047020c00fd425b8bd8b9913772581a90059d40364e6d4aa501256a70a7d280b3a401ef0e01ba60f03d630ef9ce82bbcb900cac7e39143c849cc0d0df8bd380379584bf4d0428ac052c1c0a3c8f9fbfbae39b89119cdbc38009f07a241406a05fb8b006f0123e2fef0559314f81fffe7407a30eeebd41b01bccad0280d5400440a1d2802912e096ff498023b2626029d013e0c7d586ccd922024803569940c8093805a1d3a4013c05b8e5a704e82a0a9c06f414207fe5f6078c9d46e7b255640dc000e834207334e04d24c09c0fb81ae01283dd6a6e35985b6702f7f1250150974c3d2073dd408635e0dd470081021c01de3902200d8805c0fcc22dbfc57ac01b1f09d0c56709c0ab804c00e7d356abd9b5261006806a80b92bf02e502063e4fdc27420ed506434e09b2380bb5574ee333a77f44e06c06f9d1b182201c6bf33046029d069808a00cce889e1fac32fb8df169b80eb06d88cfe190c7236cc1280a5809a00390bc04b2f0600ec055d0d68ad740ef9fcf35fec12bec1917dfccbcd08c630304480df1b03e068c050167ea71edf09e4fa23bf080f7f01490adf994fb39bc53366ac494a007e677c55f08dca3debc78f0201cc56f38c7cde2100fbd4106c0b40c6534008e5e8dfe0223f0c9ee3f3306120ffece0d6005002b4c3061136966708e0ed1358d89fa77980f0e4605a00a8c0381a707296ce0ee5a803b840a09f7061118838805ce825b03100c5220a5007702c427346a678e0c7b57fbe7b2170e3383fd201a0a6c09958f173f92f45b8a5f485d393e1d159fe51f58d017009d00e4fcb110a9cb106781c007986980b1fe51e02dc0cb23a1a00370780d221c069785c8c7303d8fe150d6400e9c0441e4f1baa3c31008d4203da8c5db8f3ac01ddf21f356da486a5c6dae16d42c5cd674a0840cd68c0890ab823e41785fddb6d642e8072076f1791ad01008e002d167022e466f9d5ade4faeb3d5a87bf91cce6003004380dcf0cf102de2fff921e626048600e08f522e42712c702001800780a48023e2ce2a20e61b5458250eba93a3100a573ea5f2c05fad210b2ddc9f72f5b7ebba58ca60761be3100ee5651bb3ad82d1b5dfce32b0de47230c3120ac53b3707e0245120b36d773e5ee92098ab3f25cde44e08409b49872be00bc49fba0275abf9ad0128b3937ce444c0570c9ad1aa459912801b93691659eb3b72bb09dcebed236bd0be4f18749c0c00dc458853027b79568c91d0068edb03f0db4f017b795e9f3ea09d5c200ce44e0a40a6a640fe7aaf50ad1bd81e00af1b201458d145b856ba8f3d00a8d41458d34056a70182044403005806644a0ae46b7a89eb34a04e0d40c901705252202f56740cd6698060014901a8a1555260851378ea47b1c209240620535220ff955c03760240ab01014fbf5e03240d4c0a40d80d9c541a106834afd2809d00086b401bd680dcdf305a17074816901880a01b3829660f077b8c172b9c402c006eecf96b2d057c569e07ca3daa5c408a02520310d68053d08ea11b1ab83617c87702209c0d0429d0957abd451fd53412e89e6a1600f8480780c60d4c9d05c4db3f8145561593baf631bb00a02140ebb1e4dad8bf87025a27f0b90b00a1a2106e2ec157fd039180ca099836729b03f0a97403ade8edc73bfdb5ec08544561d33f686b00faf9be858602a7a9d1ac140188c3267493c96402a404c0f414545360b86d4c5bcf32ff7635227c07b19128100900d6cde21923611dc8d1fd01b2d50bf8ad9f2a020ccd6304994a0780db5c3a94164e1b3c7277ab0773ef5f774f7088023e3707c09d30104e0b81191883feafc01bc5b4b5806b2351202100a6716b9bb52f90605e7ebb6ab06cae909d4d7c8a1a900e00aebfb8aa449cdb1b3df0ffd1ebd7de39a89a1d34c01d35a5be4b604f07c2ff932f5efea116205220b1065c6bad1be007d1088de997cd250568f6d380fa51e829d0b2cbdfae1c5a3bb78fda4303f49180bbd8a74c35ab501905081448ad0178d8d41212b4910860b792dd12807992c7295b7fac22005c77d480456e60998350ef1f283ff7d480a62a762540574b68926bc04dd680281458a3017314f0b9290056fbe65d3520f713201a004d2353a0d89302809a486e09c0f5c54820b20600a0d6511b02608d77dd9100758000e900b8fe1914003c58664300ec612ec57e1420c3a576d180a682dd08908708b0850644880456e401e5e7fe1a1021187c3d0cc4ede4f7d180fd28407a896fa9016496c76e04a89a3f4003d607832f13808c96fadc4903aeb00f05e86cb1dd34407f83282e051404e80038dce9a100e0b044039e1428ff08025c9500f86160de1bd280e595c134046035e0723f048e7f4dd7feeff16f6100aea48dfbafed29a021800a00e620081c031ab03a1f78c505d4240f58a0011a04020050e86115055e5300dc467ab9062c385c13a0d03f5651e0b54a0030bf83d92172594f80b0065cd9a632492990ab08f032004b35a081e05384912900789680440180fb261af0cc07b6a540dee5010a0abc0ac0520d584b81763901aa874e030e2934e0ea425f43b1613ef024c01719292369c0611b0df8145a4b25a2c0330cfe7a947f9206745fb5614a081d00b093067cb204d03e3d1085049d057c7dc13e1a706509108302a745047802505e831448a4019ffb52c010e0eb114e07ebf81a5033e23b4ef4d8ea1691214027022102bc980cfa3480cef4b3a007d8e846b121406703210ac449061100406bf1f664af6d28904f00042b022f03209b0000881a00b0c97ea1c1029e36f0086bc025b20674572968c033388d4081939e004f11d84c03caf98c47cef2fa50b0fa8a4281564b80a70d8434208e13b00178fa55c10dd4d02d497a0acc04f8faaa4a27298d040035811980cb5d7003751f9bc470046da0143411c08d04806ce77a310e7228309db6ee01e003c1ea2b16054efe5d411600d40d54b100208705c0130dd60d348698c929505b16f044a0a4b5494810085a007427bc716ea0aa27df9c96023601dc4800280097281a309b4017571cc12540fda847df1c8702ad8a004e24509389682f17c505006a0380eb06aa7961d2520013c08d04800c05fc88ab01350c4ed121c0bc3049294008e044020f0c402c273001604ec8b801b07e18acad0e7a484008e0d404ba40b58c018060024653dc8a7c077cf5982800c9284009d0d7c5b0066000ee5135601055371b80eaa90c0fcb08125120e700c0bfa400885d119c4da0863137a204f8cff33d56881e89022d7337805e3f894ac0a640342730020013002402af3e3a002c1d8424147009d05f2fbe4d7d8c02006f02c3f96e34148447ff57b0162609055802604502b8cd36b022196601a827004a1a05f434b17e1e448a064e21027c90a804ecc188b13281d1046ab0f04051c0e5ee50e09145270147800ef7a6b435c04adea339810100b000c0d26b9886f2b4f8146009d06b0faa4a5c661b5801006b02934501102730fdddfa71d1758021c087219e45c8ce4c4700d604c21400409242dcc004f4d1fe8950c58d061c023cccf7de10050c0065dc4c60a88ad66097c96d024cdf8353d5b81470a3e0e17b9123e856e93850209e13300080054079c5a04fefb357a852741e5ed2878825400fc0fc7bfa8b8e00007767c4be4edb0df451004781a72b2834d6ada2804880fbf1e90aa704b536ba58ae0d8419006c8b426ea0029b2a7891fc3ac0f51290de27126020c1140a7e4c45dc6899803181daba4edb0d0c510047017f62f85b6c28c11200040298df3751c014ed60651cc401001800cb09a08801e83a550b4a3e3e025432012c0a9865ef6d609517644cc05614db0d3c00bfd3f9a1302f64b8e62737a3f310c0a28059a79b01e01255033000f3364df23554abba84adb2963c7ceb476841557908d0b3deb4941b008068f7054713a881de2a72a280e1977c3129ebf28d60b4bfd01d3c043046d0df1934c8748488e8041c002c3750d3af7128d09bc1a530e3665e7c44bc0b6f2a0f01660a4402c0c9861a0cf9bc55db915a9702dd82e19171106c1449bb6a75dfe923c04401f37bba60705532eca6832e00b3df0d51a05bb34b37828e8c8ed3bf3a6b9e29f0e016d7244573ddb28c570d30f03aaa38c5de0a0a7c3deca1f3840c9a173a2fb00e0e6ce737a21689000c00e5d85190299f3014b814dcec41c5ab1b679ee5fdc54c3b6304ebee11180038ae04c03df7c5ad108c8197820270e446c8a241f539644526bd86cc7f2480b49105e6850758950c6b0030811707b3438187337f701a23ad7b0db7a42a73fdd2d24ed662fe7d8faa01ce770d9d853f0e0a0aa0e9833c01fcaf1ca6f33e3c57363a8cff97776d3b72a340b41be503da8cf20e9589e63991f63d3b8a94e7e453a248fdfb6bc017c01494a170b7b358bbd26aa7bbe1d4a9534581c1d1e1c2aa0189d9815f0c8a3b9208010d04180198a4cd8c5f65c57aa9db3579c06644af897d53a92c2039233092df448049059d972b4e6a9353c1e4ceb97fd00957b88fc5dc35dc44805104d43ce979bd7c7f8ac7860174be1150600c01e920b007003874742459cc961cfc45923104402301461f38160062a118f7478f02bf460240230166157c220a88c28c7ba5c04800a91a0930a542cff4bc17269c0b057e610ab08f0247c93f5903be9766dc33054602e8741ab83313383200d054305f759c2880ce027612610440c25351e0bd946d5b0aa46601f2e65f484da501c0004fa502c59cc4ee17406701f609aea60ec7bb2189b9bd583d93065c8ad3ade9f2695df4feb0f8b3f97b47921180e37ce0c21428009d055c933abfb6e0de727d3d3c1be2ca97b169e02d27f633153c9d08a644e779fecd280021ee5b22f87f2d99ab1c4710a039fe6ff871220d804c0e50db1e550f20cb5e5847d4bc049810787d5eaff7cd33f6b431f97b20020c0018ae0efc0438c80b6a11802552432f021c85403500cbb204dcfa10c021f09c1af00633d1ae000008bc494441540ef3128e59feed45802310a80540db6cd5ae7a8eddec450087c0336a80b0f39579fc9b291d1b018e40a0168029855d7bda8500cfaa03ef1300f12a2f3f017ae7032d1ab01dffd085025da361ad0b98b103b2cacf4e81be08d41640b23dbe4dff3022004fa40091fa0d181198115097a87d607181a999fff876a116890174a9cb9c0498cb26975cc3fafb2df9ffeb1bd0c6cf4b80a5847679741340e33f3701d6dad9330c5f137a7be50760aea33e6cf8cbde57dbf4d1045821508fb33dd1fc7d08f03829109018be7c000156081ec17cb2f57b12604d8b1e607d7a0f6f43df268f1302b1d7f60710605e37396efc7a67f76e99ffc334513c080151337c9c169cd582431010fb3cbf440bde5a81ec2f03c1f8759bf777a817f64720a0bf261a99627cc68271eff83fd0f29ec0cc0718ff100444e8ff92eae38754090f700211eb9f248a3c851484a689081c2300c51eb11b99187cfb39c136fe6b4d8cf13c005c1feb04629b00484d8bf03ccd6d3979981324c69fd1801e120f9af87d7d9c2099004b628ce7014011bfaf8b13a42700694e2ca6d7dc1a4024550704447a06b06540b0356cde28c6347308de3d28ae9b1d31fead0a5e75b01d5c736a8084ab144412702380cd006300dce66eef15714e0d90f60c029ab230d7878c00a4439ec6a4df6cf4be02ab0618f347afa01d848030e32f01b0bc10329b5f5d042b01c631dda4ba843b908f41c038801c805eda31e61f7f5c88815703462f187b236839065f7dc80980066a61c7eef2779f64cd03669b469b50bb7340b80c00052030be74ef02b9df15bc79c062d2781b6a6704a60c282d02b7adf90735338f5d036660c38de85d3920d41c015300a45e04bb0ecb6f02f7d630b590f24ad70168ce80747aee7b4b991f941e965fe44d043d002eb047079a4820d629802f02c94da0d319412b00a099a783caf74b22091a578ec59a024ac814744d066063ffd8b7b597dc7b033d536ede47e8b46c2ad639e002407a0fb0317e2c9fbd34c059865a73682b90789360c8987f5862bf2fa0432f0d7008506b0e0b00357b49c259d03563fe0dcc4270978420ec19756d611ab37736d92e1f282ce72cf2bffda866df1f1cd986a803ae6fe1f16c352280be0432ca7f8a58cc89a07d7b388e502412d8ceb980be9c55a8f60370cbc87ff2fbd835200260ec1b8902d2cd20c0bbb5948e809707e4fc3ff96ddc416003c036145cd18f09888fac5444fb4356fc8dfc631e05d51a80987403c025f17a1a02007c8aaeae25e98049831c00b96320b06f82dd41a0f096d116003b532b91c0743024803baa1648e37f91ce0770f947bf67930852f609e5f60dc82d6dad8b1628607a08a95b8b14c5ffbf4c004cfeae63ffcfe01869406ca0eb8e070580100aec4875f2e85a7ce453dcf864bd457b153f15cb3fe43288d524b7c627910a7af5aaac0e18b28b4fc31e0a588d34c69d7cc5339728a57f0100b341aecd0f0e80abd8654860752c7d7ab12a6c84b572a9ccf7df121450052515fa36f03d38000e019c02e33846377e495200e9fa943039b154c2175ae97b7f5e45fc44908902e91f14214937a163f47fd0bb28e022a59e4012c1aa28ac8596828a0689603f0d58b3b534093ec267ecd47294020e206daf7650d1841086e5cc9ff2447a35060f05b0df740820ba013f336798a7bf6f39ebdf41140200d4d9040415411e0d80ece27d8a02d2de6f801e5c9f1ec572cabf0360f501491ffe9a08d6c47d44032414b62f6c3f232173b78144c6b15ef660473a0220a3e3de49a5946d22383d3a594f20688084fc068ec4a7820b2e1237996734c05ef4f015e25202b9980071f2e7e70f5388084e0c2b532003c0c481f833268fcd500019cc7adfc78b8c00d0925e4cdb18305e3f5ccf14246a8084e21e8ee85330df809aa60002807fd387f381f1df737ebca396b695e4660d502504a24fc17c0f327695b5ca6bc02894b5cb2a7122d8160af28980bf8a1516ab204f010451ffd61f590f40ca886d7381a1907b6e74c09c4897bbe40601c0bff1474235001bb9af2501b23280beceb17ed224b29f01a7001206fc6b9fbe360070652581794a0ee95e685affde980fa640f03375a9551a00ffc2a70606ccfb8518958052c4f1ea84160091bb041701c0bbf5ab1a80d110e899e2d514202421f30b9d5310b0a0e097e0fe82b406942022258212bf58a29602147378eff34f595be62a6c4c035688aac3200c322fea3514a0a52171d26e0a4208051017f021aa07400d37ee87ea90e1a465c905c81ae0fb483500f23ab03f7445f2276d02a7401a808f0c41e0923d56befaa9b30798f2565a03544103ea3757a0874ab73ca20e00b1e602711050050da89f0a28e84080dafed812773208a8bc06c87a0072a78a365040d5f60652779a220467c802126bf70fd4004b814fdb8b6db18ad04a805fd57b0cf1bb459a9efabc0cccda404400b426b812a01e0025558730a0a0de25b7a1001bdf0a50fd063b616b7f9a3f0cb46dfafd121200f9360602d88290e2d701d960928d0ea0e36320802b0849f1b854309d1c7a3af0052f703310605d19e40e0397360460ad76e2e32b0144d4802e7940d3ee7f37435af608a1dff53201d4f25b973e04902dac8c9778d0af9a76d034fd94e842806b2300fe2960996f72fbe81a7fa90b0186a1b15b1e09325f347c6578d9a88f060cedef028af20a27cbeb667d08200f392e8c63fc5d34e0a8430319c6df4103a43aecd044965fe18effeec2facb791a342f05afeb07eb65f5271a7f620fefae85e06557ccbc8904deeebfcf03c07cda74bdf187e80abebb690ce27420035cab337db42de93eb51301e09f3bbcefecc068ec23f3d7762e1178fbed1dbf5b7ebf0f12cd1fbc69bf4f1506de6c8fabdb3dd17e9fca07de66daee6d6f77b49d0a00df755bccfe17009001e1edbeab9d4805cbd6ac692752c1bdb6a502a0fedf009c4704442f00e03c1af827784a8df877e701e0fdfe23f9c4adfc17e7148157f873af7bfe1200dedf7edc6b9fbf4205e1f5de8702271101019d0870965448bcbef521c05944c006015ce8eb097016003e403aca3713e02c22b09d0ab198ffcc009068f0f7cc8732338106e39f0780e25468bfe10ff481ff00f7b01c444912787e0000000049454e44ae426082),
(2, 5, 0x89504e470d0a1a0a0000000d49484452000002000000020004030000000656c9c900000021504c5445ccccccffffff000000ffe400474747cab400ffb1db793bb6cd2d00c87aa4ff653927def649000020004944415478daec9dcf6edbb816c6652fb236651828ee2a24eb007769097e81a2f300768100b32b0c54815f204096dd05dd4f022fefae8f794989ff4552a44d5199da2266269338b2f8f177be7348517181aefc286e02dc04b8097013e026c04d809b0037016e02dc04b809701360ec03b44779a50200e528af4f00601ce575090001f8a80a1413f5ffc328504cd5ff8fa2403159ff01b812019cfdff18088c2f00701f572100f408505e8100befe7f08048ae902e02a04f003f01162a09812808f80403125003701fe7801c0950b006f020c1de59f2d00b872018601f8c343e026c0b50b006e02dc04489604f0bf50009850005cff99024cdfff7f89007517507f9c00a1115057ec64e5750a400360b4d2395a00321ab9e782028031a2205e80bace2c8002c00808440b8083158089224005203d02b10294148130091209501301469c4017b1c6d62210a4409a0541f276fa992617a043a0be5c80b300488e40a400f4fd71a0024904e801901a812212002010a82f1520180038e6325abc0002816a18978b05c0bd08488d401119013108248880ba1f01530a00d9fbe330051245c0b84bc96708500a04aab105a01688c65d472aa223408981fa02173c3f02a613008a6bc74108c0512c30710c9c27401802303d0033d2d22250c447801a03d5b9265086f55f0360d1b6e90480cad5e34b05089c776a02cc584b1a036709106a831703a045c042b48904e8062106818b36895a01e0ff9e4200c8064117a03e4f80b300e864bba75f4d25c08c2370690c8401605d0998d36b28271040b3e1c018b820026a3502ca7bd8fe4ed3340744af610201a0b0611d81b34c20160034a7df7b68e881da6b9844808596892f89816800c8c0a3a63b0e905e437e01b43c7c611e28c300a80400778d3c0e905e433981000b3b02670810d67f1901f78d2ac07dd24aa0088f80990381f818080a00250254008809b4d7905b00158045a0006bdac02a3e020c00160fba008b949540b800330381e118d8a35d49fe017bf2158c06a016f4cc69b78f2721407b0d655e01a006401802edf07718988b8a210088085820430098b21208166006e61068b5c0d0e2e85e69ea510602c0a1993f9802a4ac040205a0c3cec66f01eee1222006d64a8b3aac0034a793cc83206125102a0001a0e1abc2733403213708c8d0e36f356d75f01dd53e00338b00092b81300168d43d906aac2bcb908980d303ea2d69eab11d8602eb16b8281ffa025004f20a306b23918e0a79df660e75041c0068c34f8feeffedce6000202260d617a04b495905609148b527fdff4e8ab18018c05b0d80add23c18603d0248ac379d07aa0224ac044205983d746fddcec90e73be38eb8901ac0dff37a3b93010a9552c03d9046811c82800e491c8e6a4df91b12a60edbf1afddb7eb3bb014f2c020016014400990741c2341028c0acecc4ffaf3a27f7c500ae7bb1df6b1608c41c5b548edd1bb7029c4e6fac104898068204a0b9bfbb8c6377092c0d006959befe6f5dad322190536ca05701cdd3492a7020af4c36210c136006eeb4404470e68d01ec1b7837044232b112d0794f9b045404ba95c16c0274558026c03d5f15b0c6005686d98b8080c0a0460250da04602e944f00362193021cbcf3012c8778c0052404a5da7f1901cc7b84008d3225cc2780528f9fe4ba9cb314c0faf0d76110a8ae21570200d204908b02d485ca7c02cc4c019040a03727d68bbf8064d042402a034b04cc008b80e3cb495b14698bd17c022cca7b4300ee01fdd5e175ed3e3c10a8c05412006e014f22fa9907d062349700b40ab86302bc8962cc7597f05bed3b86d2823111e45540f36208707748b52e1824005f95932ecc4ac1fe5e816ded3fb6de66ac04006e014f474380e63b4c94068a100b608b32aa0096bb84356a6379e8f02280d508988908389e0c0b68e6a9d2401191049a7729004f03dad260b702509f0f41d5ee0b5300e002bc1b027413d232970033746712c04a413d06ccf97f3404152909590450c4e63c09f692c05d3b21cd230094b7661401441a0025d28736e47021b0167793d84690c69e045829984f005e08bebca9eb727a0c98c5df5910b4b302b11d8447402f09300fc826004b0247e901a2141431b08d00c00341c5ef1ee800f492c021d54691222209102f7e6e6429a8ec19ab6201706350895bd1528093444ff3806c02b042f0787a7f6bcc52b02d875134002e0c5839d19e5d44c0e9bd9706bb45a96c02dcf53c409482ed65ecf13900d830e00a4005009a04cc18e8ee4de410002ab767df4fef4daf142457ba46e701d047a15614107b42bae5209b07949904988b558967753e2e3c605f9f0f80f568df5844004902a600cc033209b040df792cbe3d899559391b58d7dbfa52042c0a2800bc9fcc18e83c2017017c8f0ef1806765a70e7780de742e91028280d34b4f80ce037208a0eed1a11ef024d200efff363d00ba02c7f7932900f3009049803977e3d34bf32cef50b222600c0034058e2f6fa609300fc824c042cc49de4f4f8d2ec07a2400540548df8fbd348016209b0025f700928f9f1902ac14542a80c400280ad804607b14c61700ca42b0b563dd03ca351e0d00a90009ffa36102f93ca015c0e2010dea00a8c703402840bb6e0890cf03a0ea015a29d85600a302a0fb809106d022cdf36341043cdc89928c7b0015608fbe8d0b80a2c0d11040ec53caed014a29b8d24ac05100900a182ec83d607c01f4bdba47590a22980300c5093501b807e41140eed57d523c609d0500a1c071220f00ca64907ac08bd8a9130b4075692e6826f100a07940234bc11fb1005428cdcce841de17489107e33ca04d03dda19780df427a819328d07d2137aae5f680b7330140b844753a05f846b5b10580ba073c8b55c17d641188d0a6bc00015581035296a5b308a07800af477ea055d43410a12558a2840ae4f200687800af47f6306a1a484eb4011bf54ef2450a90ff1e504601d46776ba9a9c0010330b20e72100806599480182405601e68a001481470a408403d0d36c4087004ea2007ac829c042dea16811f8e7ed47f3232205905e8325e008042b5061f75af1011d527d78619007ccd51aecf8f7db63135103b0f8ef5a15a100f2ac9623985380854a40f3e3f44f135103f0f8670d052b50d95e5831050e289300dd635b9a008fa7bf0fe100c8f8672d5401da55c7b709ffc485f209a07b0089ff0800e829965a2bc314201d5d5a5fd7edc6a3cf24e62340f380c7e6f1103afcf46237c068610a90b7ded89366ab002944613e01540f3001f0cd72e9a52e41af85285051e770d5cefca9e4493cc004c063eb552ffe652a1850a042cc2f9c67de57fb7c1e00900ac041030021cf5562b0b4b641062acc5286fdc77473f9962190418099520a1200506f470f76d81fdc00471b50800100ac99b07be48cee29cc2500f180071700749a679de72323ff47f9408545d5e0d9558456b9049809014c00c858d10a1fdbec0f828da7f97ca042f255d8bda308ed3209b090dbb53400ba9deded4085d97fa80f687307cfb63298cd03a4002a00ddc66ecb40b5bfb8196a4e052aa576d005301f3edd651160a17a8009802d5651bffc73fa00f202405f83ddbb0ad730bf07580168235a0bff0d08699555814a2b1ed517f49e3f86bb4c1ec09f5b3000a89012d1ca13947009c29a9501bd7a50c2c4f2a4512e0fe0b3210300d5e891fcb3fb61c32f7cc050a082e62b3c08e4f20026801b008640cb74e8f08bf5015d01f3f7951f5b1e40cfe4014c001d804acff4250ac8fe96662850c11e24d8b9b99ca681328b07200b00a6d5b7afc76019db740590c5273c7f8320d75c000d02d01a368a1d7efe7bc809004504bb9e2ea0954096b9405b09e90054fd5c5f9e31fcc207b003007555606bab04b278402b800e4094d987f8007600a0ac0a58108079ea002a8009c0b9c3edf401ec3a2bc7c3facc711602da525003a04a0a00f301ec386be546a0da67f280121100b0ba0a901400e603aeb37a1040790820023c1ef62302c07c00b9e60cfcc944735b0aa9043209b06ec605a0f301ecc443fc25b25e1ac824c05e05008d0040eb03d0f913ea901899db52682590e3de20a09b42b1ba103c0200a48ef0ad1c88bb01bdbf3f9245809d227d3512007e38688a40bdddc90910081260a53c18e25bef1fad95edc7ee6ad7c1d34016017680dbefbec6130020e7193d04d03e930708c1cbd8197fa214d12e33ad8c475412201026800000c13274c52f692bbb04b1eb2190c903240070020750da0a9908acc715001900a0491c40b65d691683fb0c028847435a0798128065ef3195b13da01540c45dfb4cfb94006cb48a44fce199910510a2d365e07262002c087c6d2ff4abd6920a200140c4863713374b1af83ad8ce16e033d200802b1075d3078d8180590cae0304f0b4e1c7e674007611b77cd039f709e211f87c9102858f91afe80b24c59702c02a0a00147aa3380601b31844e832011cb1c2bf03775cf0aa03601776db174a0946ae04aafd8521e07fc19a03507700ac40d87d7f751b231eb912b84c00ffcfbf409e7749040401506a4b499d04a356027b94c2033c08b088ab5007c06a7885bfff11698911489906864240c8bd6700ec8687dff2a942214bc2a189236d1a280201d8b69f18340080adfb9d02437b068d03e74b0343212027821c809df7f60e747cb2d470c58082313010b82c0d0c08f0979808720056de9b3bce0f578383f50232f6bbc03c69602004d489e0000076fc651078861fda3f89cb5d09244c03c51000984f04575e044a5fff5b055c9ee1f968691886c0881e400040ea3cc08d00ebc9ebff9c9fb169ff1de4fd504e387e1a28821c4094812e0078ff7ffd742200c33d43d9076f7db79469c01b02ca3c007a01605df9ed02c086c040ffb9042169602c0ff84bcc0364196845808dffafd75faf3f412002a5d733a40270e434500495817420dc08545d5f3efd7e0d47a00ae87fe704161f4899068a903290eedf7503c0c6f21305c0e901f45506347dfefff3fa4b34a9001e42a01acb03beecc58e00e80180f5e59502f0fba78767fd19624bfcff7ed51a57c0829c9e06d0e7913c00098981db0378ffbb81fb09421028edfef7e9d7abda7e321fc063a68122601e2017832c08b000d086cd858076b3d772e800fc9fb96bd9715449a22e6b167759d0b264dd95098a0f6890f723cb3f806bea7fa676a5f992fb9963481e1991119981c984369b56b58dcdc913271e2411839e70cf1f1037904803f828e09471624e6d9707a0f41320c30418f42467a28188a1e041910734dd1208043006709e97cd27e9d60326ec3b180d1852291a43c47303074514809dc08910a0c0b6ebf569f3dd7ef61d98003f5638e02f0ad549346026408da280d6f5e6ccb2f136e02700d5804ca4404d43c18f141a304501b213e8af9f5f364f302886c08c13e029408a42ab00504401a21330defccc48b72402836e086ff84738534e63017a6f208d06c0b431b4f8c51200858058ba05004aa31b520e8435807520e337477303877014409c404bbdf9192d9c170030918308c03f829a3814a0a120c4d780390a909cc0e4cd05cbe544c0848ed2ff8b5472b6a6016e64b50680b013c09940eb86735a0d18dc800c804c259a1442b48a80ac01d5bc39dc4f0094c4fdcfcf80fe73621944762739a90b100d58e106441300dc23c0a5c01ccf9f951a60b281da03001705b00525003a9a26ba064c51c0f3ecbf180a58f1fc59af01a5cf09649ef3904800a285828760142004827642a7d5803e1bc8e54a90e73c24188c170a1e8251001f08a2844e1b0ae6a63b50a6d1003e86987310dccc2ab506b40e0550467f166d9709056b0f00724e913b4f2aa35e262934607e46b070350067f47fffa8d241b38c1e06789c09710339d923105f03c07a489409044942a74c071768c0b79047580f92c509050f4102b0812049e8966980260e081495f368a1a0600237408d22a806d08c7e990668e200218fb0ba0aa4d5801be05e41840274157525a10571c0b75c4e9a1e298f130a4a2650cedd02190da0258df382929007004f34e1dc582a238582220073b348570372279fd196847afd50684016d6800675358cad0103c00da301ec22ea34c0d8b19c0d7ac249270e281bdcd3ec23ae0680d52d1432aa016e51efef056561453de09b7720db69c00dfa87b5c749d85403dc4b386b3460b063d90d78cec1c4014d420db881dddaca7102437f215ec063d404c5cf6ea60125eeed85e300aeaeafd180b1acd30fb3b666963a1af09d2dd580d723210d005403b8253c2b346014f2b14195a801dfc10d26a6b50cea6a145503080044030600def848207c7bb8fffc1b43020f894859986a4013590350732b47030c00ef6afba5c15cdecf151e0fe61c624159d48026ae06dca0f16b40410960f970c5169161b4f41ba5815c54a235c1a1bb522a0d2000b01a406df86fcff299a5b6f707141605dea9067c07771865399d771e5b039aa51a3047020c00fd425b8bd8b9913772581a90059d40364e6d4aa501256a70a7d280b3a401ef0e01ba60f03d630ef9ce82bbcb900cac7e39143c849cc0d0df8bd380379584bf4d0428ac052c1c0a3c8f9fbfbae39b89119cdbc38009f07a241406a05fb8b006f0123e2fef0559314f81fffe7407a30eeebd41b01bccad0280d5400440a1d2802912e096ff498023b2626029d013e0c7d586ccd922024803569940c8093805a1d3a4013c05b8e5a704e82a0a9c06f414207fe5f6078c9d46e7b255640dc000e834207334e04d24c09c0fb81ae01283dd6a6e35985b6702f7f1250150974c3d2073dd408635e0dd470081021c01de3902200d8805c0fcc22dbfc57ac01b1f09d0c56709c0ab804c00e7d356abd9b5261006806a80b92bf02e502063e4fdc27420ed506434e09b2380bb5574ee333a77f44e06c06f9d1b182201c6bf33046029d069808a00cce889e1fac32fb8df169b80eb06d88cfe190c7236cc1280a5809a00390bc04b2f0600ec055d0d68ad740ef9fcf35fec12bec1917dfccbcd08c630304480df1b03e068c050167ea71edf09e4fa23bf080f7f01490adf994fb39bc53366ac494a007e677c55f08dca3debc78f0201cc56f38c7cde2100fbd4106c0b40c6534008e5e8dfe0223f0c9ee3f3306120ffece0d6005002b4c3061136966708e0ed1358d89fa77980f0e4605a00a8c0381a707296ce0ee5a803b840a09f7061118838805ce825b03100c5220a5007702c427346a678e0c7b57fbe7b2170e3383fd201a0a6c09958f173f92f45b8a5f485d393e1d159fe51f58d017009d00e4fcb110a9cb106781c007986980b1fe51e02dc0cb23a1a00370780d221c069785c8c7303d8fe150d6400e9c0441e4f1baa3c31008d4203da8c5db8f3ac01ddf21f356da486a5c6dae16d42c5cd674a0840cd68c0890ab823e41785fddb6d642e8072076f1791ad01008e002d167022e466f9d5ade4faeb3d5a87bf91cce6003004380dcf0cf102de2fff921e626048600e08f522e42712c702001800780a48023e2ce2a20e61b5458250eba93a3100a573ea5f2c05fad210b2ddc9f72f5b7ebba58ca60761be3100ee5651bb3ad82d1b5dfce32b0de47230c3120ac53b3707e0245120b36d773e5ee92098ab3f25cde44e08409b49872be00bc49fba0275abf9ad0128b3937ce444c0570c9ad1aa459912801b93691659eb3b72bb09dcebed236bd0be4f18749c0c00dc458853027b79568c91d0068edb03f0db4f017b795e9f3ea09d5c200ce44e0a40a6a640fe7aaf50ad1bd81e00af1b201458d145b856ba8f3d00a8d41458d34056a70182044403005806644a0ae46b7a89eb34a04e0d40c901705252202f56740cd6698060014901a8a1555260851378ea47b1c209240620535220ff955c03760240ab01014fbf5e03240d4c0a40d80d9c541a106834afd2809d00086b401bd680dcdf305a17074816901880a01b3829660f077b8c172b9c402c006eecf96b2d057c569e07ca3daa5c408a02520310d68053d08ea11b1ab83617c87702209c0d0429d0957abd451fd53412e89e6a1600f8480780c60d4c9d05c4db3f8145561593baf631bb00a02140ebb1e4dad8bf87025a27f0b90b00a1a2106e2ec157fd039180ca099836729b03f0a97403ade8edc73bfdb5ec08544561d33f686b00faf9be858602a7a9d1ac140188c3267493c96402a404c0f414545360b86d4c5bcf32ff7635227c07b19128100900d6cde21923611dc8d1fd01b2d50bf8ad9f2a020ccd6304994a0780db5c3a94164e1b3c7277ab0773ef5f774f7088023e3707c09d30104e0b81191883feafc01bc5b4b5806b2351202100a6716b9bb52f90605e7ebb6ab06cae909d4d7c8a1a900e00aebfb8aa449cdb1b3df0ffd1ebd7de39a89a1d34c01d35a5be4b604f07c2ff932f5efea116205220b1065c6bad1be007d1088de997cd250568f6d380fa51e829d0b2cbdfae1c5a3bb78fda4303f49180bbd8a74c35ab501905081448ad0178d8d41212b4910860b792dd12807992c7295b7fac22005c77d480456e60998350ef1f283ff7d480a62a762540574b68926bc04dd680281458a3017314f0b9290056fbe65d3520f713201a004d2353a0d89302809a486e09c0f5c54820b20600a0d6511b02608d77dd9100758000e900b8fe1914003c58664300ec612ec57e1420c3a576d180a682dd08908708b0850644880456e401e5e7fe1a1021187c3d0cc4ede4f7d180fd28407a896fa9016496c76e04a89a3f4003d607832f13808c96fadc4903aeb00f05e86cb1dd34407f83282e051404e80038dce9a100e0b044039e1428ff08025c9500f86160de1bd280e595c134046035e0723f048e7f4dd7feeff16f6100aea48dfbafed29a021800a00e620081c031ab03a1f78c505d4240f58a0011a04020050e86115055e5300dc467ab9062c385c13a0d03f5651e0b54a0030bf83d92172594f80b0065cd9a632492990ab08f032004b35a081e05384912900789680440180fb261af0cc07b6a540dee5010a0abc0ac0520d584b81763901aa874e030e2934e0ea425f43b1613ef024c01719292369c0611b0df8145a4b25a2c0330cfe7a947f9206745fb5614a081d00b093067cb204d03e3d1085049d057c7dc13e1a706509108302a745047802505e831448a4019ffb52c010e0eb114e07ebf81a5033e23b4ef4d8ea1691214027022102bc980cfa3480cef4b3a007d8e846b121406703210ac449061100406bf1f664af6d28904f00042b022f03209b0000881a00b0c97ea1c1029e36f0086bc025b20674572968c033388d4081939e004f11d84c03caf98c47cef2fa50b0fa8a4281564b80a70d8434208e13b00178fa55c10dd4d02d497a0acc04f8faaa4a27298d040035811980cb5d7003751f9bc470046da0143411c08d04806ce77a310e7228309db6ee01e003c1ea2b16054efe5d411600d40d54b100208705c0130dd60d348698c929505b16f044a0a4b5494810085a007427bc716ea0aa27df9c96023601dc4800280097281a309b4017571cc12540fda847df1c8702ad8a004e24509389682f17c505006a0380eb06aa7961d2520013c08d04800c05fc88ab01350c4ed121c0bc3049294008e044020f0c402c273001604ec8b801b07e18acad0e7a484008e0d404ba40b58c018060024653dc8a7c077cf5982800c9284009d0d7c5b0066000ee5135601055371b80eaa90c0fcb08125120e700c0bfa400885d119c4da0863137a204f8cff33d56881e89022d7337805e3f894ac0a640342730020013002402af3e3a002c1d8424147009d05f2fbe4d7d8c02006f02c3f96e34148447ff57b0162609055802604502b8cd36b022196601a827004a1a05f434b17e1e448a064e21027c90a804ecc188b13281d1046ab0f04051c0e5ee50e09145270147800ef7a6b435c04adea339810100b000c0d26b9886f2b4f8146009d06b0faa4a5c661b5801006b02934501102730fdddfa71d1758021c087219e45c8ce4c4700d604c21400409242dcc004f4d1fe8950c58d061c023cccf7de10050c0065dc4c60a88ad66097c96d024cdf8353d5b81470a3e0e17b9123e856e93850209e13300080054079c5a04fefb357a852741e5ed2878825400fc0fc7bfa8b8e00007767c4be4edb0df451004781a72b2834d6ada2804880fbf1e90aa704b536ba58ae0d8419006c8b426ea0029b2a7891fc3ac0f51290de27126020c1140a7e4c45dc6899803181daba4edb0d0c510047017f62f85b6c28c11200040298df3751c014ed60651cc401001800cb09a08801e83a550b4a3e3e025432012c0a9865ef6d609517644cc05614db0d3c00bfd3f9a1302f64b8e62737a3f310c0a28059a79b01e01255033000f3364df23554abba84adb2963c7ceb476841557908d0b3deb4941b008068f7054713a881de2a72a280e1977c3129ebf28d60b4bfd01d3c043046d0df1934c8748488e8041c002c3750d3af7128d09bc1a530e3665e7c44bc0b6f2a0f01660a4402c0c9861a0cf9bc55db915a9702dd82e19171106c1449bb6a75dfe923c04401f37bba60705532eca6832e00b3df0d51a05bb34b37828e8c8ed3bf3a6b9e29f0e016d7244573ddb28c570d30f03aaa38c5de0a0a7c3deca1f3840c9a173a2fb00e0e6ce737a21689000c00e5d85190299f3014b814dcec41c5ab1b679ee5fdc54c3b6304ebee11180038ae04c03df7c5ad108c8197820270e446c8a241f539644526bd86cc7f2480b49105e6850758950c6b0030811707b3438187337f701a23ad7b0db7a42a73fdd2d24ed662fe7d8faa01ce770d9d853f0e0a0aa0e9833c01fcaf1ca6f33e3c57363a8cff97776d3b72a340b41be503da8cf20e9589e63991f63d3b8a94e7e453a248fdfb6bc017c01494a170b7b358bbd26aa7bbe1d4a9534581c1d1e1c2aa0189d9815f0c8a3b9208010d04180198a4cd8c5f65c57aa9db3579c06644af897d53a92c2039233092df448049059d972b4e6a9353c1e4ceb97fd00957b88fc5dc35dc44805104d43ce979bd7c7f8ac7860174be1150600c01e920b007003874742459cc961cfc45923104402301461f38160062a118f7478f02bf460240230166157c220a88c28c7ba5c04800a91a0930a542cff4bc17269c0b057e610ab08f0247c93f5903be9766dc33054602e8741ab83313383200d054305f759c2880ce027612610440c25351e0bd946d5b0aa46601f2e65f484da501c0004fa502c59cc4ee17406701f609aea60ec7bb2189b9bd583d93065c8ad3ade9f2695df4feb0f8b3f97b47921180e37ce0c21428009d055c933abfb6e0de727d3d3c1be2ca97b169e02d27f633153c9d08a644e779fecd280021ee5b22f87f2d99ab1c4710a039fe6ff871220d804c0e50db1e550f20cb5e5847d4bc049810787d5eaff7cd33f6b431f97b20020c0018ae0efc0438c80b6a11802552432f021c85403500cbb204dcfa10c021f09c1af00633d1ae000008bc494441540ef3128e59feed45802310a80540db6cd5ae7a8eddec450087c0336a80b0f39579fc9b291d1b018e40a0168029855d7bda8500cfaa03ef1300f12a2f3f017ae7032d1ab01dffd085025da361ad0b98b103b2cacf4e81be08d41640b23dbe4dff3022004fa40091fa0d181198115097a87d607181a999fff876a116890174a9cb9c0498cb26975cc3fafb2df9ffeb1bd0c6cf4b80a5847679741340e33f3701d6dad9330c5f137a7be50760aea33e6cf8cbde57dbf4d1045821508fb33dd1fc7d08f03829109018be7c000156081ec17cb2f57b12604d8b1e607d7a0f6f43df268f1302b1d7f60710605e37396efc7a67f76e99ffc334513c080151337c9c169cd582431010fb3cbf440bde5a81ec2f03c1f8759bf777a817f64720a0bf261a99627cc68271eff83fd0f29ec0cc0718ff100444e8ff92eae38754090f700211eb9f248a3c851484a689081c2300c51eb11b99187cfb39c136fe6b4d8cf13c005c1feb04629b00484d8bf03ccd6d3979981324c69fd1801e120f9af87d7d9c2099004b628ce7014011bfaf8b13a42700694e2ca6d7dc1a4024550704447a06b06540b0356cde28c6347308de3d28ae9b1d31fead0a5e75b01d5c736a8084ab144412702380cd006300dce66eef15714e0d90f60c029ab230d7878c00a4439ec6a4df6cf4be02ab0618f347afa01d848030e32f01b0bc10329b5f5d042b01c631dda4ba843b908f41c038801c805eda31e61f7f5c88815703462f187b236839065f7dc80980066a61c7eef2779f64cd03669b469b50bb7340b80c00052030be74ef02b9df15bc79c062d2781b6a6704a60c282d02b7adf90735338f5d036660c38de85d3920d41c015300a45e04bb0ecb6f02f7d630b590f24ad70168ce80747aee7b4b991f941e965fe44d043d002eb047079a4820d629802f02c94da0d319412b00a099a783caf74b22091a578ec59a024ac814744d066063ffd8b7b597dc7b033d536ede47e8b46c2ad639e002407a0fb0317e2c9fbd34c059865a73682b90789360c8987f5862bf2fa0432f0d7008506b0e0b00357b49c259d03563fe0dcc4270978420ec19756d611ab37736d92e1f282ce72cf2bffda866df1f1cd986a803ae6fe1f16c352280be0432ca7f8a58cc89a07d7b388e502412d8ceb980be9c55a8f60370cbc87ff2fbd835200260ec1b8902d2cd20c0bbb5948e809707e4fc3ff96ddc416003c036145cd18f09888fac5444fb4356fc8dfc631e05d51a80987403c025f17a1a02007c8aaeae25e98049831c00b96320b06f82dd41a0f096d116003b532b91c0743024803baa1648e37f91ce0770f947bf67930852f609e5f60dc82d6dad8b1628607a08a95b8b14c5ffbf4c004cfeae63ffcfe01869406ca0eb8e070580100aec4875f2e85a7ce453dcf864bd457b153f15cb3fe43288d524b7c627910a7af5aaac0e18b28b4fc31e0a588d34c69d7cc5339728a57f0100b341aecd0f0e80abd8654860752c7d7ab12a6c84b572a9ccf7df121450052515fa36f03d38000e019c02e33846377e495200e9fa943039b154c2175ae97b7f5e45fc44908902e91f14214937a163f47fd0bb28e022a59e4012c1aa28ac8596828a0689603f0d58b3b534093ec267ecd47294020e206daf7650d1841086e5cc9ff2447a35060f05b0df740820ba013f336798a7bf6f39ebdf41140200d4d9040415411e0d80ece27d8a02d2de6f801e5c9f1ec572cabf0360f501491ffe9a08d6c47d44032414b62f6c3f232173b78144c6b15ef660473a0220a3e3de49a5946d22383d3a594f20688084fc068ec4a7820b2e1237996734c05ef4f015e25202b9980071f2e7e70f5388084e0c2b532003c0c481f833268fcd500019cc7adfc78b8c00d0925e4cdb18305e3f5ccf14246a8084e21e8ee85330df809aa60002807fd387f381f1df737ebca396b695e4660d502504a24fc17c0f327695b5ca6bc02894b5cb2a7122d8160af28980bf8a1516ab204f010451ffd61f590f40ca886d7381a1907b6e74c09c4897bbe40601c0bff1474235001bb9af2501b23280beceb17ed224b29f01a7001206fc6b9fbe360070652581794a0ee95e685affde980fa640f03375a9551a00ffc2a70606ccfb8518958052c4f1ea84160091bb041701c0bbf5ab1a80d110e899e2d514202421f30b9d5310b0a0e097e0fe82b406942022258212bf58a29602147378eff34f595be62a6c4c035688aac3200c322fea3514a0a52171d26e0a4208051017f021aa07400d37ee87ea90e1a465c905c81ae0fb483500f23ab03f7445f2276d02a7401a808f0c41e0923d56befaa9b30798f2565a03544103ea3757a0874ab73ca20e00b1e602711050050da89f0a28e84080dafed812773208a8bc06c87a0072a78a365040d5f60652779a220467c802126bf70fd4004b814fdb8b6db18ad04a805fd57b0cf1bb459a9efabc0cccda404400b426b812a01e0025558730a0a0de25b7a1001bdf0a50fd063b616b7f9a3f0cb46dfafd121200f9360602d88290e2d701d960928d0ea0e36320802b0849f1b854309d1c7a3af0052f703310605d19e40e0397360460ad76e2e32b0144d4802e7940d3ee7f37435af608a1dff53201d4f25b973e04902dac8c9778d0af9a76d034fd94e842806b2300fe2960996f72fbe81a7fa90b0186a1b15b1e09325f347c6578d9a88f060cedef028af20a27cbeb667d08200f392e8c63fc5d34e0a8430319c6df4103a43aecd044965fe18effeec2facb791a342f05afeb07eb65f5271a7f620fefae85e06557ccbc8904deeebfcf03c07cda74bdf187e80abebb690ce27420035cab337db42de93eb51301e09f3bbcefecc068ec23f3d7762e1178fbed1dbf5b7ebf0f12cd1fbc69bf4f1506de6c8fabdb3dd17e9fca07de66daee6d6f77b49d0a00df755bccfe17009001e1edbeab9d4805cbd6ac692752c1bdb6a502a0fedf009c4704442f00e03c1af827784a8df877e701e0fdfe23f9c4adfc17e7148157f873af7bfe1200dedf7edc6b9fbf4205e1f5de8702271101019d0870965448bcbef521c05944c006015ce8eb097016003e403aca3713e02c22b09d0ab198ffcc009068f0f7cc8732338106e39f0780e25468bfe10ff481ff00f7b01c444912787e0000000049454e44ae426082),
(3, 4, 0x89504e470d0a1a0a0000000d49484452000002000000020004030000000656c9c900000021504c5445ccccccffffff000000ffe400474747cab400ffb1db793bb6cd2d00c87aa4ff653927def649000020004944415478daec9dcf6edbb816c6652fb236651828ee2a24eb007769097e81a2f300768100b32b0c54815f204096dd05dd4f022fefae8f794989ff4552a44d5199da2266269338b2f8f177be7348517181aefc286e02dc04b8097013e026c04d809b0037016e02dc04b809701360ec03b44779a50200e528af4f00601ce575090001f8a80a1413f5ffc328504cd5ff8fa2403159ff01b812019cfdff18088c2f00701f572100f408505e8100befe7f08048ae902e02a04f003f01162a09812808f80403125003701fe7801c0950b006f020c1de59f2d00b872018601f8c343e026c0b50b006e02dc04489604f0bf50009850005cff99024cdfff7f89007517507f9c00a1115057ec64e5750a400360b4d2395a00321ab9e782028031a2205e80bace2c8002c00808440b8083158089224005203d02b10294148130091209501301469c4017b1c6d62210a4409a0541f276fa992617a043a0be5c80b300488e40a400f4fd71a0024904e801901a812212002010a82f1520180038e6325abc0002816a18978b05c0bd08488d401119013108248880ba1f01530a00d9fbe330051245c0b84bc96708500a04aab105a01688c65d472aa223408981fa02173c3f02a613008a6bc74108c0512c30710c9c27401802303d0033d2d22250c447801a03d5b9265086f55f0360d1b6e90480cad5e34b05089c776a02cc584b1a036709106a831703a045c042b48904e8062106818b36895a01e0ff9e4200c8064117a03e4f80b300e864bba75f4d25c08c2370690c8401605d0998d36b28271040b3e1c018b820026a3502ca7bd8fe4ed3340744af610201a0b0611d81b34c20160034a7df7b68e881da6b9844808596892f89816800c8c0a3a63b0e905e437e01b43c7c611e28c300a80400778d3c0e905e433981000b3b02670810d67f1901f78d2ac07dd24aa0088f80990381f818080a00250254008809b4d7905b00158045a0006bdac02a3e020c00160fba008b949540b800330381e118d8a35d49fe017bf2158c06a016f4cc69b78f2721407b0d655e01a006401802edf07718988b8a210088085820430098b21208166006e61068b5c0d0e2e85e69ea510602c0a1993f9802a4ac040205a0c3cec66f01eee1222006d64a8b3aac0034a793cc83206125102a0001a0e1abc2733403213708c8d0e36f356d75f01dd53e00338b00092b81300168d43d906aac2bcb908980d303ea2d69eab11d8602eb16b8281ffa025004f20a306b23918e0a79df660e75041c0068c34f8feeffedce6000202260d617a04b495905609148b527fdff4e8ab18018c05b0d80add23c18603d0248ac379d07aa0224ac044205983d746fddcec90e73be38eb8901ac0dff37a3b93010a9552c03d9046811c82800e491c8e6a4df91b12a60edbf1afddb7eb3bb014f2c020016014400990741c2341028c0acecc4ffaf3a27f7c500ae7bb1df6b1608c41c5b548edd1bb7029c4e6fac104898068204a0b9bfbb8c6377092c0d006959befe6f5dad322190536ca05701cdd3492a7020af4c36210c136006eeb4404470e68d01ec1b7837044232b112d0794f9b045404ba95c16c0274558026c03d5f15b0c6005686d98b8080c0a0460250da04602e944f00362193021cbcf3012c8778c0052404a5da7f1901cc7b84008d3225cc2780528f9fe4ba9cb314c0faf0d76110a8ae21570200d204908b02d485ca7c02cc4c019040a03727d68bbf8064d042402a034b04cc008b80e3cb495b14698bd17c022cca7b4300ee01fdd5e175ed3e3c10a8c05412006e014f22fa9907d062349700b40ab86302bc8962cc7597f05bed3b86d2823111e45540f36208707748b52e1824005f95932ecc4ac1fe5e816ded3fb6de66ac04006e014f474380e63b4c94068a100b608b32aa0096bb84356a6379e8f02280d508988908389e0c0b68e6a9d2401191049a7729004f03dad260b702509f0f41d5ee0b5300e002bc1b027413d232970033746712c04a413d06ccf97f3404152909590450c4e63c09f692c05d3b21cd230094b7661401441a0025d28736e47021b0167793d84690c69e045829984f005e08bebca9eb727a0c98c5df5910b4b302b11d8447402f09300fc826004b0247e901a2141431b08d00c00341c5ef1ee800f492c021d54691222209102f7e6e6429a8ec19ab6201706350895bd1528093444ff3806c02b042f0787a7f6bcc52b02d875134002e0c5839d19e5d44c0e9bd9706bb45a96c02dcf53c409482ed65ecf13900d830e00a4005009a04cc18e8ee4de410002ab767df4fef4daf142457ba46e701d047a15614107b42bae5209b07949904988b558967753e2e3c605f9f0f80f568df5844004902a600cc033209b040df792cbe3d899559391b58d7dbfa52042c0a2800bc9fcc18e83c2017017c8f0ef1806765a70e7780de742e91028280d34b4f80ce037208a0eed1a11ef024d200efff363d00ba02c7f7932900f3009049803977e3d34bf32cef50b222600c0034058e2f6fa609300fc824c042cc49de4f4f8d2ec07a2400540548df8fbd348016209b0025f700928f9f1902ac14542a80c400280ad804607b14c61700ca42b0b563dd03ca351e0d00a90009ffa36102f93ca015c0e2010dea00a8c703402840bb6e0890cf03a0ea015a29d85600a302a0fb809106d022cdf36341043cdc89928c7b0015608fbe8d0b80a2c0d11040ec53caed014a29b8d24ac05100900a182ec83d607c01f4bdba47590a22980300c5093501b807e41140eed57d523c609d0500a1c071220f00ca64907ac08bd8a9130b4075692e6826f100a07940234bc11fb1005428cdcce841de17489107e33ca04d03dda19780df427a819328d07d2137aae5f680b7330140b844753a05f846b5b10580ba073c8b55c17d641188d0a6bc00015581035296a5b308a07800af477ea055d43410a12558a2840ae4f200687800af47f6306a1a484eb4011bf54ef2450a90ff1e504601d46776ba9a9c0010330b20e72100806599480182405601e68a001481470a408403d0d36c4087004ea2007ac829c042dea16811f8e7ed47f3232205905e8325e008042b5061f75af1011d527d78619007ccd51aecf8f7db63135103b0f8ef5a15a100f2ac9623985380854a40f3e3f44f135103f0f8670d052b50d95e5831050e289300dd635b9a008fa7bf0fe100c8f8672d5401da55c7b709ffc485f209a07b0089ff0800e829965a2bc314201d5d5a5fd7edc6a3cf24e62340f380c7e6f1103afcf46237c068610a90b7ded89366ab002944613e01540f3001f0cd72e9a52e41af85285051e770d5cefca9e4493cc004c063eb552ffe652a1850a042cc2f9c67de57fb7c1e00900ac041030021cf5562b0b4b641062acc5286fdc77473f9962190418099520a1200506f470f76d81fdc00471b50800100ac99b07be48cee29cc2500f180071700749a679de72323ff47f9408545d5e0d9558456b9049809014c00c858d10a1fdbec0f828da7f97ca042f255d8bda308ed3209b090dbb53400ba9deded4085d97fa80f687307cfb63298cd03a4002a00ddc66ecb40b5bfb8196a4e052aa576d005301f3edd651160a17a8009802d5651bffc73fa00f202405f83ddbb0ad730bf07580168235a0bff0d08699555814a2b1ed517f49e3f86bb4c1ec09f5b3000a89012d1ca13947009c29a9501bd7a50c2c4f2a4512e0fe0b3210300d5e891fcb3fb61c32f7cc050a082e62b3c08e4f20026801b008640cb74e8f08bf5015d01f3f7951f5b1e40cfe4014c001d804acff4250ac8fe96662850c11e24d8b9b99ca681328b07200b00a6d5b7afc76019db740590c5273c7f8320d75c000d02d01a368a1d7efe7bc809004504bb9e2ea0954096b9405b09e90054fd5c5f9e31fcc207b003007555606bab04b278402b800e4094d987f8007600a0ac0a58108079ea002a8009c0b9c3edf401ec3a2bc7c3facc711602da525003a04a0a00f301ec386be546a0da67f280121100b0ba0a901400e603aeb37a1040790820023c1ef62302c07c00b9e60cfcc944735b0aa9043209b06ec605a0f301ecc443fc25b25e1ac824c05e05008d0040eb03d0f913ea901899db52682590e3de20a09b42b1ba103c0200a48ef0ad1c88bb01bdbf3f9245809d227d3512007e38688a40bdddc90910081260a53c18e25bef1fad95edc7ee6ad7c1d34016017680dbefbec6130020e7193d04d03e930708c1cbd8197fa214d12e33ad8c475412201026800000c13274c52f692bbb04b1eb2190c903240070020750da0a9908acc715001900a0491c40b65d691683fb0c028847435a0798128065ef3195b13da01540c45dfb4cfb94006cb48a44fce199910510a2d365e07262002c087c6d2ff4abd6920a200140c4863713374b1af83ad8ce16e033d200802b1075d3078d8180590cae0304f0b4e1c7e674007611b77cd039f709e211f87c9102858f91afe80b24c59702c02a0a00147aa3380601b31844e832011cb1c2bf03775cf0aa03601776db174a0946ae04aafd8521e07fc19a03507700ac40d87d7f751b231eb912b84c00ffcfbf409e7749040401506a4b499d04a356027b94c2033c08b088ab5007c06a7885bfff11698911489906864240c8bd6700ec8687dff2a942214bc2a189236d1a280201d8b69f18340080adfb9d02437b068d03e74b0343212027821c809df7f60e747cb2d470c58082313010b82c0d0c08f0979808720056de9b3bce0f578383f50232f6bbc03c69602004d489e0000076fc651078861fda3f89cb5d09244c03c51000984f04575e044a5fff5b055c9ee1f968691886c0881e400040ea3cc08d00ebc9ebff9c9fb169ff1de4fd504e387e1a28821c4094812e0078ff7ffd742200c33d43d9076f7db79469c01b02ca3c007a01605df9ed02c086c040ffb9042169602c0ff84bcc0364196845808dffafd75faf3f412002a5d733a40270e434500495817420dc08545d5f3efd7e0d47a00ae87fe704161f4899068a903290eedf7503c0c6f21305c0e901f45506347dfefff3fa4b34a9001e42a01acb03beecc58e00e80180f5e59502f0fba78767fd19624bfcff7ed51a57c0829c9e06d0e7913c00098981db0378ffbb81fb09421028edfef7e9d7abda7e321fc063a68122601e2017832c08b000d086cd858076b3d772e800fc9fb96bd9715449a22e6b167759d0b264dd95098a0f6890f723cb3f806bea7fa676a5f992fb9963481e1991119981c984369b56b58dcdc913271e2411839e70cf1f1037904803f828e09471624e6d9707a0f41320c30418f42467a28188a1e041910734dd1208043006709e97cd27e9d60326ec3b180d1852291a43c47303074514809dc08910a0c0b6ebf569f3dd7ef61d98003f5638e02f0ad549346026408da280d6f5e6ccb2f136e02700d5804ca4404d43c18f141a304501b213e8af9f5f364f302886c08c13e029408a42ab00504401a21330defccc48b72402836e086ff84738534e63017a6f208d06c0b431b4f8c51200858058ba05004aa31b520e8435807520e337477303877014409c404bbdf9192d9c170030918308c03f829a3814a0a120c4d780390a909cc0e4cd05cbe544c0848ed2ff8b5472b6a6016e64b50680b013c09940eb86735a0d18dc800c804c259a1442b48a80ac01d5bc39dc4f0094c4fdcfcf80fe73621944762739a90b100d58e106441300dc23c0a5c01ccf9f951a60b281da03001705b00525003a9a26ba064c51c0f3ecbf180a58f1fc59af01a5cf09649ef3904800a285828760142004827642a7d5803e1bc8e54a90e73c24188c170a1e8251001f08a2844e1b0ae6a63b50a6d1003e86987310dccc2ab506b40e0550467f166d9709056b0f00724e913b4f2aa35e262934607e46b070350067f47fffa8d241b38c1e06789c09710339d923105f03c07a489409044942a74c071768c0b79047580f92c509050f4102b0812049e8966980260e081495f368a1a0600237408d22a806d08c7e990668e200218fb0ba0aa4d5801be05e41840274157525a10571c0b75c4e9a1e298f130a4a2650cedd02190da0258df382929007004f34e1dc582a238582220073b348570372279fd196847afd50684016d6800675358cad0103c00da301ec22ea34c0d8b19c0d7ac249270e281bdcd3ec23ae0680d52d1432aa016e51efef056561453de09b7720db69c00dfa87b5c749d85403dc4b386b3460b063d90d78cec1c4014d420db881dddaca7102437f215ec063d404c5cf6ea60125eeed85e300aeaeafd180b1acd30fb3b666963a1af09d2dd580d723210d005403b8253c2b346014f2b14195a801dfc10d26a6b50cea6a145503080044030600def848207c7bb8fffc1b43020f894859986a4013590350732b47030c00ef6afba5c15cdecf151e0fe61c624159d48026ae06dca0f16b40410960f970c5169161b4f41ba5815c54a235c1a1bb522a0d2000b01a406df86fcff299a5b6f707141605dea9067c07771865399d771e5b039aa51a3047020c00fd425b8bd8b9913772581a90059d40364e6d4aa501256a70a7d280b3a401ef0e01ba60f03d630ef9ce82bbcb900cac7e39143c849cc0d0df8bd380379584bf4d0428ac052c1c0a3c8f9fbfbae39b89119cdbc38009f07a241406a05fb8b006f0123e2fef0559314f81fffe7407a30eeebd41b01bccad0280d5400440a1d2802912e096ff498023b2626029d013e0c7d586ccd922024803569940c8093805a1d3a4013c05b8e5a704e82a0a9c06f414207fe5f6078c9d46e7b255640dc000e834207334e04d24c09c0fb81ae01283dd6a6e35985b6702f7f1250150974c3d2073dd408635e0dd470081021c01de3902200d8805c0fcc22dbfc57ac01b1f09d0c56709c0ab804c00e7d356abd9b5261006806a80b92bf02e502063e4fdc27420ed506434e09b2380bb5574ee333a77f44e06c06f9d1b182201c6bf33046029d069808a00cce889e1fac32fb8df169b80eb06d88cfe190c7236cc1280a5809a00390bc04b2f0600ec055d0d68ad740ef9fcf35fec12bec1917dfccbcd08c630304480df1b03e068c050167ea71edf09e4fa23bf080f7f01490adf994fb39bc53366ac494a007e677c55f08dca3debc78f0201cc56f38c7cde2100fbd4106c0b40c6534008e5e8dfe0223f0c9ee3f3306120ffece0d6005002b4c3061136966708e0ed1358d89fa77980f0e4605a00a8c0381a707296ce0ee5a803b840a09f7061118838805ce825b03100c5220a5007702c427346a678e0c7b57fbe7b2170e3383fd201a0a6c09958f173f92f45b8a5f485d393e1d159fe51f58d017009d00e4fcb110a9cb106781c007986980b1fe51e02dc0cb23a1a00370780d221c069785c8c7303d8fe150d6400e9c0441e4f1baa3c31008d4203da8c5db8f3ac01ddf21f356da486a5c6dae16d42c5cd674a0840cd68c0890ab823e41785fddb6d642e8072076f1791ad01008e002d167022e466f9d5ade4faeb3d5a87bf91cce6003004380dcf0cf102de2fff921e626048600e08f522e42712c702001800780a48023e2ce2a20e61b5458250eba93a3100a573ea5f2c05fad210b2ddc9f72f5b7ebba58ca60761be3100ee5651bb3ad82d1b5dfce32b0de47230c3120ac53b3707e0245120b36d773e5ee92098ab3f25cde44e08409b49872be00bc49fba0275abf9ad0128b3937ce444c0570c9ad1aa459912801b93691659eb3b72bb09dcebed236bd0be4f18749c0c00dc458853027b79568c91d0068edb03f0db4f017b795e9f3ea09d5c200ce44e0a40a6a640fe7aaf50ad1bd81e00af1b201458d145b856ba8f3d00a8d41458d34056a70182044403005806644a0ae46b7a89eb34a04e0d40c901705252202f56740cd6698060014901a8a1555260851378ea47b1c209240620535220ff955c03760240ab01014fbf5e03240d4c0a40d80d9c541a106834afd2809d00086b401bd680dcdf305a17074816901880a01b3829660f077b8c172b9c402c006eecf96b2d057c569e07ca3daa5c408a02520310d68053d08ea11b1ab83617c87702209c0d0429d0957abd451fd53412e89e6a1600f8480780c60d4c9d05c4db3f8145561593baf631bb00a02140ebb1e4dad8bf87025a27f0b90b00a1a2106e2ec157fd039180ca099836729b03f0a97403ade8edc73bfdb5ec08544561d33f686b00faf9be858602a7a9d1ac140188c3267493c96402a404c0f414545360b86d4c5bcf32ff7635227c07b19128100900d6cde21923611dc8d1fd01b2d50bf8ad9f2a020ccd6304994a0780db5c3a94164e1b3c7277ab0773ef5f774f7088023e3707c09d30104e0b81191883feafc01bc5b4b5806b2351202100a6716b9bb52f90605e7ebb6ab06cae909d4d7c8a1a900e00aebfb8aa449cdb1b3df0ffd1ebd7de39a89a1d34c01d35a5be4b604f07c2ff932f5efea116205220b1065c6bad1be007d1088de997cd250568f6d380fa51e829d0b2cbdfae1c5a3bb78fda4303f49180bbd8a74c35ab501905081448ad0178d8d41212b4910860b792dd12807992c7295b7fac22005c77d480456e60998350ef1f283ff7d480a62a762540574b68926bc04dd680281458a3017314f0b9290056fbe65d3520f713201a004d2353a0d89302809a486e09c0f5c54820b20600a0d6511b02608d77dd9100758000e900b8fe1914003c58664300ec612ec57e1420c3a576d180a682dd08908708b0850644880456e401e5e7fe1a1021187c3d0cc4ede4f7d180fd28407a896fa9016496c76e04a89a3f4003d607832f13808c96fadc4903aeb00f05e86cb1dd34407f83282e051404e80038dce9a100e0b044039e1428ff08025c9500f86160de1bd280e595c134046035e0723f048e7f4dd7feeff16f6100aea48dfbafed29a021800a00e620081c031ab03a1f78c505d4240f58a0011a04020050e86115055e5300dc467ab9062c385c13a0d03f5651e0b54a0030bf83d92172594f80b0065cd9a632492990ab08f032004b35a081e05384912900789680440180fb261af0cc07b6a540dee5010a0abc0ac0520d584b81763901aa874e030e2934e0ea425f43b1613ef024c01719292369c0611b0df8145a4b25a2c0330cfe7a947f9206745fb5614a081d00b093067cb204d03e3d1085049d057c7dc13e1a706509108302a745047802505e831448a4019ffb52c010e0eb114e07ebf81a5033e23b4ef4d8ea1691214027022102bc980cfa3480cef4b3a007d8e846b121406703210ac449061100406bf1f664af6d28904f00042b022f03209b0000881a00b0c97ea1c1029e36f0086bc025b20674572968c033388d4081939e004f11d84c03caf98c47cef2fa50b0fa8a4281564b80a70d8434208e13b00178fa55c10dd4d02d497a0acc04f8faaa4a27298d040035811980cb5d7003751f9bc470046da0143411c08d04806ce77a310e7228309db6ee01e003c1ea2b16054efe5d411600d40d54b100208705c0130dd60d348698c929505b16f044a0a4b5494810085a007427bc716ea0aa27df9c96023601dc4800280097281a309b4017571cc12540fda847df1c8702ad8a004e24509389682f17c505006a0380eb06aa7961d2520013c08d04800c05fc88ab01350c4ed121c0bc3049294008e044020f0c402c273001604ec8b801b07e18acad0e7a484008e0d404ba40b58c018060024653dc8a7c077cf5982800c9284009d0d7c5b0066000ee5135601055371b80eaa90c0fcb08125120e700c0bfa400885d119c4da0863137a204f8cff33d56881e89022d7337805e3f894ac0a640342730020013002402af3e3a002c1d8424147009d05f2fbe4d7d8c02006f02c3f96e34148447ff57b0162609055802604502b8cd36b022196601a827004a1a05f434b17e1e448a064e21027c90a804ecc188b13281d1046ab0f04051c0e5ee50e09145270147800ef7a6b435c04adea339810100b000c0d26b9886f2b4f8146009d06b0faa4a5c661b5801006b02934501102730fdddfa71d1758021c087219e45c8ce4c4700d604c21400409242dcc004f4d1fe8950c58d061c023cccf7de10050c0065dc4c60a88ad66097c96d024cdf8353d5b81470a3e0e17b9123e856e93850209e13300080054079c5a04fefb357a852741e5ed2878825400fc0fc7bfa8b8e00007767c4be4edb0df451004781a72b2834d6ada2804880fbf1e90aa704b536ba58ae0d8419006c8b426ea0029b2a7891fc3ac0f51290de27126020c1140a7e4c45dc6899803181daba4edb0d0c510047017f62f85b6c28c11200040298df3751c014ed60651cc401001800cb09a08801e83a550b4a3e3e025432012c0a9865ef6d609517644cc05614db0d3c00bfd3f9a1302f64b8e62737a3f310c0a28059a79b01e01255033000f3364df23554abba84adb2963c7ceb476841557908d0b3deb4941b008068f7054713a881de2a72a280e1977c3129ebf28d60b4bfd01d3c043046d0df1934c8748488e8041c002c3750d3af7128d09bc1a530e3665e7c44bc0b6f2a0f01660a4402c0c9861a0cf9bc55db915a9702dd82e19171106c1449bb6a75dfe923c04401f37bba60705532eca6832e00b3df0d51a05bb34b37828e8c8ed3bf3a6b9e29f0e016d7244573ddb28c570d30f03aaa38c5de0a0a7c3deca1f3840c9a173a2fb00e0e6ce737a21689000c00e5d85190299f3014b814dcec41c5ab1b679ee5fdc54c3b6304ebee11180038ae04c03df7c5ad108c8197820270e446c8a241f539644526bd86cc7f2480b49105e6850758950c6b0030811707b3438187337f701a23ad7b0db7a42a73fdd2d24ed662fe7d8faa01ce770d9d853f0e0a0aa0e9833c01fcaf1ca6f33e3c57363a8cff97776d3b72a340b41be503da8cf20e9589e63991f63d3b8a94e7e453a248fdfb6bc017c01494a170b7b358bbd26aa7bbe1d4a9534581c1d1e1c2aa0189d9815f0c8a3b9208010d04180198a4cd8c5f65c57aa9db3579c06644af897d53a92c2039233092df448049059d972b4e6a9353c1e4ceb97fd00957b88fc5dc35dc44805104d43ce979bd7c7f8ac7860174be1150600c01e920b007003874742459cc961cfc45923104402301461f38160062a118f7478f02bf460240230166157c220a88c28c7ba5c04800a91a0930a542cff4bc17269c0b057e610ab08f0247c93f5903be9766dc33054602e8741ab83313383200d054305f759c2880ce027612610440c25351e0bd946d5b0aa46601f2e65f484da501c0004fa502c59cc4ee17406701f609aea60ec7bb2189b9bd583d93065c8ad3ade9f2695df4feb0f8b3f97b47921180e37ce0c21428009d055c933abfb6e0de727d3d3c1be2ca97b169e02d27f633153c9d08a644e779fecd280021ee5b22f87f2d99ab1c4710a039fe6ff871220d804c0e50db1e550f20cb5e5847d4bc049810787d5eaff7cd33f6b431f97b20020c0018ae0efc0438c80b6a11802552432f021c85403500cbb204dcfa10c021f09c1af00633d1ae000008bc494441540ef3128e59feed45802310a80540db6cd5ae7a8eddec450087c0336a80b0f39579fc9b291d1b018e40a0168029855d7bda8500cfaa03ef1300f12a2f3f017ae7032d1ab01dffd085025da361ad0b98b103b2cacf4e81be08d41640b23dbe4dff3022004fa40091fa0d181198115097a87d607181a999fff876a116890174a9cb9c0498cb26975cc3fafb2df9ffeb1bd0c6cf4b80a5847679741340e33f3701d6dad9330c5f137a7be50760aea33e6cf8cbde57dbf4d1045821508fb33dd1fc7d08f03829109018be7c000156081ec17cb2f57b12604d8b1e607d7a0f6f43df268f1302b1d7f60710605e37396efc7a67f76e99ffc334513c080151337c9c169cd582431010fb3cbf440bde5a81ec2f03c1f8759bf777a817f64720a0bf261a99627cc68271eff83fd0f29ec0cc0718ff100444e8ff92eae38754090f700211eb9f248a3c851484a689081c2300c51eb11b99187cfb39c136fe6b4d8cf13c005c1feb04629b00484d8bf03ccd6d3979981324c69fd1801e120f9af87d7d9c2099004b628ce7014011bfaf8b13a42700694e2ca6d7dc1a4024550704447a06b06540b0356cde28c6347308de3d28ae9b1d31fead0a5e75b01d5c736a8084ab144412702380cd006300dce66eef15714e0d90f60c029ab230d7878c00a4439ec6a4df6cf4be02ab0618f347afa01d848030e32f01b0bc10329b5f5d042b01c631dda4ba843b908f41c038801c805eda31e61f7f5c88815703462f187b236839065f7dc80980066a61c7eef2779f64cd03669b469b50bb7340b80c00052030be74ef02b9df15bc79c062d2781b6a6704a60c282d02b7adf90735338f5d036660c38de85d3920d41c015300a45e04bb0ecb6f02f7d630b590f24ad70168ce80747aee7b4b991f941e965fe44d043d002eb047079a4820d629802f02c94da0d319412b00a099a783caf74b22091a578ec59a024ac814744d066063ffd8b7b597dc7b033d536ede47e8b46c2ad639e002407a0fb0317e2c9fbd34c059865a73682b90789360c8987f5862bf2fa0432f0d7008506b0e0b00357b49c259d03563fe0dcc4270978420ec19756d611ab37736d92e1f282ce72cf2bffda866df1f1cd986a803ae6fe1f16c352280be0432ca7f8a58cc89a07d7b388e502412d8ceb980be9c55a8f60370cbc87ff2fbd835200260ec1b8902d2cd20c0bbb5948e809707e4fc3ff96ddc416003c036145cd18f09888fac5444fb4356fc8dfc631e05d51a80987403c025f17a1a02007c8aaeae25e98049831c00b96320b06f82dd41a0f096d116003b532b91c0743024803baa1648e37f91ce0770f947bf67930852f609e5f60dc82d6dad8b1628607a08a95b8b14c5ffbf4c004cfeae63ffcfe01869406ca0eb8e070580100aec4875f2e85a7ce453dcf864bd457b153f15cb3fe43288d524b7c627910a7af5aaac0e18b28b4fc31e0a588d34c69d7cc5339728a57f0100b341aecd0f0e80abd8654860752c7d7ab12a6c84b572a9ccf7df121450052515fa36f03d38000e019c02e33846377e495200e9fa943039b154c2175ae97b7f5e45fc44908902e91f14214937a163f47fd0bb28e022a59e4012c1aa28ac8596828a0689603f0d58b3b534093ec267ecd47294020e206daf7650d1841086e5cc9ff2447a35060f05b0df740820ba013f336798a7bf6f39ebdf41140200d4d9040415411e0d80ece27d8a02d2de6f801e5c9f1ec572cabf0360f501491ffe9a08d6c47d44032414b62f6c3f232173b78144c6b15ef660473a0220a3e3de49a5946d22383d3a594f20688084fc068ec4a7820b2e1237996734c05ef4f015e25202b9980071f2e7e70f5388084e0c2b532003c0c481f833268fcd500019cc7adfc78b8c00d0925e4cdb18305e3f5ccf14246a8084e21e8ee85330df809aa60002807fd387f381f1df737ebca396b695e4660d502504a24fc17c0f327695b5ca6bc02894b5cb2a7122d8160af28980bf8a1516ab204f010451ffd61f590f40ca886d7381a1907b6e74c09c4897bbe40601c0bff1474235001bb9af2501b23280beceb17ed224b29f01a7001206fc6b9fbe360070652581794a0ee95e685affde980fa640f03375a9551a00ffc2a70606ccfb8518958052c4f1ea84160091bb041701c0bbf5ab1a80d110e899e2d514202421f30b9d5310b0a0e097e0fe82b406942022258212bf58a29602147378eff34f595be62a6c4c035688aac3200c322fea3514a0a52171d26e0a4208051017f021aa07400d37ee87ea90e1a465c905c81ae0fb483500f23ab03f7445f2276d02a7401a808f0c41e0923d56befaa9b30798f2565a03544103ea3757a0874ab73ca20e00b1e602711050050da89f0a28e84080dafed812773208a8bc06c87a0072a78a365040d5f60652779a220467c802126bf70fd4004b814fdb8b6db18ad04a805fd57b0cf1bb459a9efabc0cccda404400b426b812a01e0025558730a0a0de25b7a1001bdf0a50fd063b616b7f9a3f0cb46dfafd121200f9360602d88290e2d701d960928d0ea0e36320802b0849f1b854309d1c7a3af0052f703310605d19e40e0397360460ad76e2e32b0144d4802e7940d3ee7f37435af608a1dff53201d4f25b973e04902dac8c9778d0af9a76d034fd94e842806b2300fe2960996f72fbe81a7fa90b0186a1b15b1e09325f347c6578d9a88f060cedef028af20a27cbeb667d08200f392e8c63fc5d34e0a8430319c6df4103a43aecd044965fe18effeec2facb791a342f05afeb07eb65f5271a7f620fefae85e06557ccbc8904deeebfcf03c07cda74bdf187e80abebb690ce27420035cab337db42de93eb51301e09f3bbcefecc068ec23f3d7762e1178fbed1dbf5b7ebf0f12cd1fbc69bf4f1506de6c8fabdb3dd17e9fca07de66daee6d6f77b49d0a00df755bccfe17009001e1edbeab9d4805cbd6ac692752c1bdb6a502a0fedf009c4704442f00e03c1af827784a8df877e701e0fdfe23f9c4adfc17e7148157f873af7bfe1200dedf7edc6b9fbf4205e1f5de8702271101019d0870965448bcbef521c05944c006015ce8eb097016003e403aca3713e02c22b09d0ab198ffcc009068f0f7cc8732338106e39f0780e25468bfe10ff481ff00f7b01c444912787e0000000049454e44ae426082),
(4, 3, 0x89504e470d0a1a0a0000000d49484452000002000000020004030000000656c9c900000021504c5445ccccccffffff000000ffe400474747cab400ffb1db793bb6cd2d00c87aa4ff653927def649000020004944415478daec9dcf6edbb816c6652fb236651828ee2a24eb007769097e81a2f300768100b32b0c54815f204096dd05dd4f022fefae8f794989ff4552a44d5199da2266269338b2f8f177be7348517181aefc286e02dc04b8097013e026c04d809b0037016e02dc04b809701360ec03b44779a50200e528af4f00601ce575090001f8a80a1413f5ffc328504cd5ff8fa2403159ff01b812019cfdff18088c2f00701f572100f408505e8100befe7f08048ae902e02a04f003f01162a09812808f80403125003701fe7801c0950b006f020c1de59f2d00b872018601f8c343e026c0b50b006e02dc04489604f0bf50009850005cff99024cdfff7f89007517507f9c00a1115057ec64e5750a400360b4d2395a00321ab9e782028031a2205e80bace2c8002c00808440b8083158089224005203d02b10294148130091209501301469c4017b1c6d62210a4409a0541f276fa992617a043a0be5c80b300488e40a400f4fd71a0024904e801901a812212002010a82f1520180038e6325abc0002816a18978b05c0bd08488d401119013108248880ba1f01530a00d9fbe330051245c0b84bc96708500a04aab105a01688c65d472aa223408981fa02173c3f02a613008a6bc74108c0512c30710c9c27401802303d0033d2d22250c447801a03d5b9265086f55f0360d1b6e90480cad5e34b05089c776a02cc584b1a036709106a831703a045c042b48904e8062106818b36895a01e0ff9e4200c8064117a03e4f80b300e864bba75f4d25c08c2370690c8401605d0998d36b28271040b3e1c018b820026a3502ca7bd8fe4ed3340744af610201a0b0611d81b34c20160034a7df7b68e881da6b9844808596892f89816800c8c0a3a63b0e905e437e01b43c7c611e28c300a80400778d3c0e905e433981000b3b02670810d67f1901f78d2ac07dd24aa0088f80990381f818080a00250254008809b4d7905b00158045a0006bdac02a3e020c00160fba008b949540b800330381e118d8a35d49fe017bf2158c06a016f4cc69b78f2721407b0d655e01a006401802edf07718988b8a210088085820430098b21208166006e61068b5c0d0e2e85e69ea510602c0a1993f9802a4ac040205a0c3cec66f01eee1222006d64a8b3aac0034a793cc83206125102a0001a0e1abc2733403213708c8d0e36f356d75f01dd53e00338b00092b81300168d43d906aac2bcb908980d303ea2d69eab11d8602eb16b8281ffa025004f20a306b23918e0a79df660e75041c0068c34f8feeffedce6000202260d617a04b495905609148b527fdff4e8ab18018c05b0d80add23c18603d0248ac379d07aa0224ac044205983d746fddcec90e73be38eb8901ac0dff37a3b93010a9552c03d9046811c82800e491c8e6a4df91b12a60edbf1afddb7eb3bb014f2c020016014400990741c2341028c0acecc4ffaf3a27f7c500ae7bb1df6b1608c41c5b548edd1bb7029c4e6fac104898068204a0b9bfbb8c6377092c0d006959befe6f5dad322190536ca05701cdd3492a7020af4c36210c136006eeb4404470e68d01ec1b7837044232b112d0794f9b045404ba95c16c0274558026c03d5f15b0c6005686d98b8080c0a0460250da04602e944f00362193021cbcf3012c8778c0052404a5da7f1901cc7b84008d3225cc2780528f9fe4ba9cb314c0faf0d76110a8ae21570200d204908b02d485ca7c02cc4c019040a03727d68bbf8064d042402a034b04cc008b80e3cb495b14698bd17c022cca7b4300ee01fdd5e175ed3e3c10a8c05412006e014f22fa9907d062349700b40ab86302bc8962cc7597f05bed3b86d2823111e45540f36208707748b52e1824005f95932ecc4ac1fe5e816ded3fb6de66ac04006e014f474380e63b4c94068a100b608b32aa0096bb84356a6379e8f02280d508988908389e0c0b68e6a9d2401191049a7729004f03dad260b702509f0f41d5ee0b5300e002bc1b027413d232970033746712c04a413d06ccf97f3404152909590450c4e63c09f692c05d3b21cd230094b7661401441a0025d28736e47021b0167793d84690c69e045829984f005e08bebca9eb727a0c98c5df5910b4b302b11d8447402f09300fc826004b0247e901a2141431b08d00c00341c5ef1ee800f492c021d54691222209102f7e6e6429a8ec19ab6201706350895bd1528093444ff3806c02b042f0787a7f6bcc52b02d875134002e0c5839d19e5d44c0e9bd9706bb45a96c02dcf53c409482ed65ecf13900d830e00a4005009a04cc18e8ee4de410002ab767df4fef4daf142457ba46e701d047a15614107b42bae5209b07949904988b558967753e2e3c605f9f0f80f568df5844004902a600cc033209b040df792cbe3d899559391b58d7dbfa52042c0a2800bc9fcc18e83c2017017c8f0ef1806765a70e7780de742e91028280d34b4f80ce037208a0eed1a11ef024d200efff363d00ba02c7f7932900f3009049803977e3d34bf32cef50b222600c0034058e2f6fa609300fc824c042cc49de4f4f8d2ec07a2400540548df8fbd348016209b0025f700928f9f1902ac14542a80c400280ad804607b14c61700ca42b0b563dd03ca351e0d00a90009ffa36102f93ca015c0e2010dea00a8c703402840bb6e0890cf03a0ea015a29d85600a302a0fb809106d022cdf36341043cdc89928c7b0015608fbe8d0b80a2c0d11040ec53caed014a29b8d24ac05100900a182ec83d607c01f4bdba47590a22980300c5093501b807e41140eed57d523c609d0500a1c071220f00ca64907ac08bd8a9130b4075692e6826f100a07940234bc11fb1005428cdcce841de17489107e33ca04d03dda19780df427a819328d07d2137aae5f680b7330140b844753a05f846b5b10580ba073c8b55c17d641188d0a6bc00015581035296a5b308a07800af477ea055d43410a12558a2840ae4f200687800af47f6306a1a484eb4011bf54ef2450a90ff1e504601d46776ba9a9c0010330b20e72100806599480182405601e68a001481470a408403d0d36c4087004ea2007ac829c042dea16811f8e7ed47f3232205905e8325e008042b5061f75af1011d527d78619007ccd51aecf8f7db63135103b0f8ef5a15a100f2ac9623985380854a40f3e3f44f135103f0f8670d052b50d95e5831050e289300dd635b9a008fa7bf0fe100c8f8672d5401da55c7b709ffc485f209a07b0089ff0800e829965a2bc314201d5d5a5fd7edc6a3cf24e62340f380c7e6f1103afcf46237c068610a90b7ded89366ab002944613e01540f3001f0cd72e9a52e41af85285051e770d5cefca9e4493cc004c063eb552ffe652a1850a042cc2f9c67de57fb7c1e00900ac041030021cf5562b0b4b641062acc5286fdc77473f9962190418099520a1200506f470f76d81fdc00471b50800100ac99b07be48cee29cc2500f180071700749a679de72323ff47f9408545d5e0d9558456b9049809014c00c858d10a1fdbec0f828da7f97ca042f255d8bda308ed3209b090dbb53400ba9deded4085d97fa80f687307cfb63298cd03a4002a00ddc66ecb40b5bfb8196a4e052aa576d005301f3edd651160a17a8009802d5651bffc73fa00f202405f83ddbb0ad730bf07580168235a0bff0d08699555814a2b1ed517f49e3f86bb4c1ec09f5b3000a89012d1ca13947009c29a9501bd7a50c2c4f2a4512e0fe0b3210300d5e891fcb3fb61c32f7cc050a082e62b3c08e4f20026801b008640cb74e8f08bf5015d01f3f7951f5b1e40cfe4014c001d804acff4250ac8fe96662850c11e24d8b9b99ca681328b07200b00a6d5b7afc76019db740590c5273c7f8320d75c000d02d01a368a1d7efe7bc809004504bb9e2ea0954096b9405b09e90054fd5c5f9e31fcc207b003007555606bab04b278402b800e4094d987f8007600a0ac0a58108079ea002a8009c0b9c3edf401ec3a2bc7c3facc711602da525003a04a0a00f301ec386be546a0da67f280121100b0ba0a901400e603aeb37a1040790820023c1ef62302c07c00b9e60cfcc944735b0aa9043209b06ec605a0f301ecc443fc25b25e1ac824c05e05008d0040eb03d0f913ea901899db52682590e3de20a09b42b1ba103c0200a48ef0ad1c88bb01bdbf3f9245809d227d3512007e38688a40bdddc90910081260a53c18e25bef1fad95edc7ee6ad7c1d34016017680dbefbec6130020e7193d04d03e930708c1cbd8197fa214d12e33ad8c475412201026800000c13274c52f692bbb04b1eb2190c903240070020750da0a9908acc715001900a0491c40b65d691683fb0c028847435a0798128065ef3195b13da01540c45dfb4cfb94006cb48a44fce199910510a2d365e07262002c087c6d2ff4abd6920a200140c4863713374b1af83ad8ce16e033d200802b1075d3078d8180590cae0304f0b4e1c7e674007611b77cd039f709e211f87c9102858f91afe80b24c59702c02a0a00147aa3380601b31844e832011cb1c2bf03775cf0aa03601776db174a0946ae04aafd8521e07fc19a03507700ac40d87d7f751b231eb912b84c00ffcfbf409e7749040401506a4b499d04a356027b94c2033c08b088ab5007c06a7885bfff11698911489906864240c8bd6700ec8687dff2a942214bc2a189236d1a280201d8b69f18340080adfb9d02437b068d03e74b0343212027821c809df7f60e747cb2d470c58082313010b82c0d0c08f0979808720056de9b3bce0f578383f50232f6bbc03c69602004d489e0000076fc651078861fda3f89cb5d09244c03c51000984f04575e044a5fff5b055c9ee1f968691886c0881e400040ea3cc08d00ebc9ebff9c9fb169ff1de4fd504e387e1a28821c4094812e0078ff7ffd742200c33d43d9076f7db79469c01b02ca3c007a01605df9ed02c086c040ffb9042169602c0ff84bcc0364196845808dffafd75faf3f412002a5d733a40270e434500495817420dc08545d5f3efd7e0d47a00ae87fe704161f4899068a903290eedf7503c0c6f21305c0e901f45506347dfefff3fa4b34a9001e42a01acb03beecc58e00e80180f5e59502f0fba78767fd19624bfcff7ed51a57c0829c9e06d0e7913c00098981db0378ffbb81fb09421028edfef7e9d7abda7e321fc063a68122601e2017832c08b000d086cd858076b3d772e800fc9fb96bd9715449a22e6b167759d0b264dd95098a0f6890f723cb3f806bea7fa676a5f992fb9963481e1991119981c984369b56b58dcdc913271e2411839e70cf1f1037904803f828e09471624e6d9707a0f41320c30418f42467a28188a1e041910734dd1208043006709e97cd27e9d60326ec3b180d1852291a43c47303074514809dc08910a0c0b6ebf569f3dd7ef61d98003f5638e02f0ad549346026408da280d6f5e6ccb2f136e02700d5804ca4404d43c18f141a304501b213e8af9f5f364f302886c08c13e029408a42ab00504401a21330defccc48b72402836e086ff84738534e63017a6f208d06c0b431b4f8c51200858058ba05004aa31b520e8435807520e337477303877014409c404bbdf9192d9c170030918308c03f829a3814a0a120c4d780390a909cc0e4cd05cbe544c0848ed2ff8b5472b6a6016e64b50680b013c09940eb86735a0d18dc800c804c259a1442b48a80ac01d5bc39dc4f0094c4fdcfcf80fe73621944762739a90b100d58e106441300dc23c0a5c01ccf9f951a60b281da03001705b00525003a9a26ba064c51c0f3ecbf180a58f1fc59af01a5cf09649ef3904800a285828760142004827642a7d5803e1bc8e54a90e73c24188c170a1e8251001f08a2844e1b0ae6a63b50a6d1003e86987310dccc2ab506b40e0550467f166d9709056b0f00724e913b4f2aa35e262934607e46b070350067f47fffa8d241b38c1e06789c09710339d923105f03c07a489409044942a74c071768c0b79047580f92c509050f4102b0812049e8966980260e081495f368a1a0600237408d22a806d08c7e990668e200218fb0ba0aa4d5801be05e41840274157525a10571c0b75c4e9a1e298f130a4a2650cedd02190da0258df382929007004f34e1dc582a238582220073b348570372279fd196847afd50684016d6800675358cad0103c00da301ec22ea34c0d8b19c0d7ac249270e281bdcd3ec23ae0680d52d1432aa016e51efef056561453de09b7720db69c00dfa87b5c749d85403dc4b386b3460b063d90d78cec1c4014d420db881dddaca7102437f215ec063d404c5cf6ea60125eeed85e300aeaeafd180b1acd30fb3b666963a1af09d2dd580d723210d005403b8253c2b346014f2b14195a801dfc10d26a6b50cea6a145503080044030600def848207c7bb8fffc1b43020f894859986a4013590350732b47030c00ef6afba5c15cdecf151e0fe61c624159d48026ae06dca0f16b40410960f970c5169161b4f41ba5815c54a235c1a1bb522a0d2000b01a406df86fcff299a5b6f707141605dea9067c07771865399d771e5b039aa51a3047020c00fd425b8bd8b9913772581a90059d40364e6d4aa501256a70a7d280b3a401ef0e01ba60f03d630ef9ce82bbcb900cac7e39143c849cc0d0df8bd380379584bf4d0428ac052c1c0a3c8f9fbfbae39b89119cdbc38009f07a241406a05fb8b006f0123e2fef0559314f81fffe7407a30eeebd41b01bccad0280d5400440a1d2802912e096ff498023b2626029d013e0c7d586ccd922024803569940c8093805a1d3a4013c05b8e5a704e82a0a9c06f414207fe5f6078c9d46e7b255640dc000e834207334e04d24c09c0fb81ae01283dd6a6e35985b6702f7f1250150974c3d2073dd408635e0dd470081021c01de3902200d8805c0fcc22dbfc57ac01b1f09d0c56709c0ab804c00e7d356abd9b5261006806a80b92bf02e502063e4fdc27420ed506434e09b2380bb5574ee333a77f44e06c06f9d1b182201c6bf33046029d069808a00cce889e1fac32fb8df169b80eb06d88cfe190c7236cc1280a5809a00390bc04b2f0600ec055d0d68ad740ef9fcf35fec12bec1917dfccbcd08c630304480df1b03e068c050167ea71edf09e4fa23bf080f7f01490adf994fb39bc53366ac494a007e677c55f08dca3debc78f0201cc56f38c7cde2100fbd4106c0b40c6534008e5e8dfe0223f0c9ee3f3306120ffece0d6005002b4c3061136966708e0ed1358d89fa77980f0e4605a00a8c0381a707296ce0ee5a803b840a09f7061118838805ce825b03100c5220a5007702c427346a678e0c7b57fbe7b2170e3383fd201a0a6c09958f173f92f45b8a5f485d393e1d159fe51f58d017009d00e4fcb110a9cb106781c007986980b1fe51e02dc0cb23a1a00370780d221c069785c8c7303d8fe150d6400e9c0441e4f1baa3c31008d4203da8c5db8f3ac01ddf21f356da486a5c6dae16d42c5cd674a0840cd68c0890ab823e41785fddb6d642e8072076f1791ad01008e002d167022e466f9d5ade4faeb3d5a87bf91cce6003004380dcf0cf102de2fff921e626048600e08f522e42712c702001800780a48023e2ce2a20e61b5458250eba93a3100a573ea5f2c05fad210b2ddc9f72f5b7ebba58ca60761be3100ee5651bb3ad82d1b5dfce32b0de47230c3120ac53b3707e0245120b36d773e5ee92098ab3f25cde44e08409b49872be00bc49fba0275abf9ad0128b3937ce444c0570c9ad1aa459912801b93691659eb3b72bb09dcebed236bd0be4f18749c0c00dc458853027b79568c91d0068edb03f0db4f017b795e9f3ea09d5c200ce44e0a40a6a640fe7aaf50ad1bd81e00af1b201458d145b856ba8f3d00a8d41458d34056a70182044403005806644a0ae46b7a89eb34a04e0d40c901705252202f56740cd6698060014901a8a1555260851378ea47b1c209240620535220ff955c03760240ab01014fbf5e03240d4c0a40d80d9c541a106834afd2809d00086b401bd680dcdf305a17074816901880a01b3829660f077b8c172b9c402c006eecf96b2d057c569e07ca3daa5c408a02520310d68053d08ea11b1ab83617c87702209c0d0429d0957abd451fd53412e89e6a1600f8480780c60d4c9d05c4db3f8145561593baf631bb00a02140ebb1e4dad8bf87025a27f0b90b00a1a2106e2ec157fd039180ca099836729b03f0a97403ade8edc73bfdb5ec08544561d33f686b00faf9be858602a7a9d1ac140188c3267493c96402a404c0f414545360b86d4c5bcf32ff7635227c07b19128100900d6cde21923611dc8d1fd01b2d50bf8ad9f2a020ccd6304994a0780db5c3a94164e1b3c7277ab0773ef5f774f7088023e3707c09d30104e0b81191883feafc01bc5b4b5806b2351202100a6716b9bb52f90605e7ebb6ab06cae909d4d7c8a1a900e00aebfb8aa449cdb1b3df0ffd1ebd7de39a89a1d34c01d35a5be4b604f07c2ff932f5efea116205220b1065c6bad1be007d1088de997cd250568f6d380fa51e829d0b2cbdfae1c5a3bb78fda4303f49180bbd8a74c35ab501905081448ad0178d8d41212b4910860b792dd12807992c7295b7fac22005c77d480456e60998350ef1f283ff7d480a62a762540574b68926bc04dd680281458a3017314f0b9290056fbe65d3520f713201a004d2353a0d89302809a486e09c0f5c54820b20600a0d6511b02608d77dd9100758000e900b8fe1914003c58664300ec612ec57e1420c3a576d180a682dd08908708b0850644880456e401e5e7fe1a1021187c3d0cc4ede4f7d180fd28407a896fa9016496c76e04a89a3f4003d607832f13808c96fadc4903aeb00f05e86cb1dd34407f83282e051404e80038dce9a100e0b044039e1428ff08025c9500f86160de1bd280e595c134046035e0723f048e7f4dd7feeff16f6100aea48dfbafed29a021800a00e620081c031ab03a1f78c505d4240f58a0011a04020050e86115055e5300dc467ab9062c385c13a0d03f5651e0b54a0030bf83d92172594f80b0065cd9a632492990ab08f032004b35a081e05384912900789680440180fb261af0cc07b6a540dee5010a0abc0ac0520d584b81763901aa874e030e2934e0ea425f43b1613ef024c01719292369c0611b0df8145a4b25a2c0330cfe7a947f9206745fb5614a081d00b093067cb204d03e3d1085049d057c7dc13e1a706509108302a745047802505e831448a4019ffb52c010e0eb114e07ebf81a5033e23b4ef4d8ea1691214027022102bc980cfa3480cef4b3a007d8e846b121406703210ac449061100406bf1f664af6d28904f00042b022f03209b0000881a00b0c97ea1c1029e36f0086bc025b20674572968c033388d4081939e004f11d84c03caf98c47cef2fa50b0fa8a4281564b80a70d8434208e13b00178fa55c10dd4d02d497a0acc04f8faaa4a27298d040035811980cb5d7003751f9bc470046da0143411c08d04806ce77a310e7228309db6ee01e003c1ea2b16054efe5d411600d40d54b100208705c0130dd60d348698c929505b16f044a0a4b5494810085a007427bc716ea0aa27df9c96023601dc4800280097281a309b4017571cc12540fda847df1c8702ad8a004e24509389682f17c505006a0380eb06aa7961d2520013c08d04800c05fc88ab01350c4ed121c0bc3049294008e044020f0c402c273001604ec8b801b07e18acad0e7a484008e0d404ba40b58c018060024653dc8a7c077cf5982800c9284009d0d7c5b0066000ee5135601055371b80eaa90c0fcb08125120e700c0bfa400885d119c4da0863137a204f8cff33d56881e89022d7337805e3f894ac0a640342730020013002402af3e3a002c1d8424147009d05f2fbe4d7d8c02006f02c3f96e34148447ff57b0162609055802604502b8cd36b022196601a827004a1a05f434b17e1e448a064e21027c90a804ecc188b13281d1046ab0f04051c0e5ee50e09145270147800ef7a6b435c04adea339810100b000c0d26b9886f2b4f8146009d06b0faa4a5c661b5801006b02934501102730fdddfa71d1758021c087219e45c8ce4c4700d604c21400409242dcc004f4d1fe8950c58d061c023cccf7de10050c0065dc4c60a88ad66097c96d024cdf8353d5b81470a3e0e17b9123e856e93850209e13300080054079c5a04fefb357a852741e5ed2878825400fc0fc7bfa8b8e00007767c4be4edb0df451004781a72b2834d6ada2804880fbf1e90aa704b536ba58ae0d8419006c8b426ea0029b2a7891fc3ac0f51290de27126020c1140a7e4c45dc6899803181daba4edb0d0c510047017f62f85b6c28c11200040298df3751c014ed60651cc401001800cb09a08801e83a550b4a3e3e025432012c0a9865ef6d609517644cc05614db0d3c00bfd3f9a1302f64b8e62737a3f310c0a28059a79b01e01255033000f3364df23554abba84adb2963c7ceb476841557908d0b3deb4941b008068f7054713a881de2a72a280e1977c3129ebf28d60b4bfd01d3c043046d0df1934c8748488e8041c002c3750d3af7128d09bc1a530e3665e7c44bc0b6f2a0f01660a4402c0c9861a0cf9bc55db915a9702dd82e19171106c1449bb6a75dfe923c04401f37bba60705532eca6832e00b3df0d51a05bb34b37828e8c8ed3bf3a6b9e29f0e016d7244573ddb28c570d30f03aaa38c5de0a0a7c3deca1f3840c9a173a2fb00e0e6ce737a21689000c00e5d85190299f3014b814dcec41c5ab1b679ee5fdc54c3b6304ebee11180038ae04c03df7c5ad108c8197820270e446c8a241f539644526bd86cc7f2480b49105e6850758950c6b0030811707b3438187337f701a23ad7b0db7a42a73fdd2d24ed662fe7d8faa01ce770d9d853f0e0a0aa0e9833c01fcaf1ca6f33e3c57363a8cff97776d3b72a340b41be503da8cf20e9589e63991f63d3b8a94e7e453a248fdfb6bc017c01494a170b7b358bbd26aa7bbe1d4a9534581c1d1e1c2aa0189d9815f0c8a3b9208010d04180198a4cd8c5f65c57aa9db3579c06644af897d53a92c2039233092df448049059d972b4e6a9353c1e4ceb97fd00957b88fc5dc35dc44805104d43ce979bd7c7f8ac7860174be1150600c01e920b007003874742459cc961cfc45923104402301461f38160062a118f7478f02bf460240230166157c220a88c28c7ba5c04800a91a0930a542cff4bc17269c0b057e610ab08f0247c93f5903be9766dc33054602e8741ab83313383200d054305f759c2880ce027612610440c25351e0bd946d5b0aa46601f2e65f484da501c0004fa502c59cc4ee17406701f609aea60ec7bb2189b9bd583d93065c8ad3ade9f2695df4feb0f8b3f97b47921180e37ce0c21428009d055c933abfb6e0de727d3d3c1be2ca97b169e02d27f633153c9d08a644e779fecd280021ee5b22f87f2d99ab1c4710a039fe6ff871220d804c0e50db1e550f20cb5e5847d4bc049810787d5eaff7cd33f6b431f97b20020c0018ae0efc0438c80b6a11802552432f021c85403500cbb204dcfa10c021f09c1af00633d1ae000008bc494441540ef3128e59feed45802310a80540db6cd5ae7a8eddec450087c0336a80b0f39579fc9b291d1b018e40a0168029855d7bda8500cfaa03ef1300f12a2f3f017ae7032d1ab01dffd085025da361ad0b98b103b2cacf4e81be08d41640b23dbe4dff3022004fa40091fa0d181198115097a87d607181a999fff876a116890174a9cb9c0498cb26975cc3fafb2df9ffeb1bd0c6cf4b80a5847679741340e33f3701d6dad9330c5f137a7be50760aea33e6cf8cbde57dbf4d1045821508fb33dd1fc7d08f03829109018be7c000156081ec17cb2f57b12604d8b1e607d7a0f6f43df268f1302b1d7f60710605e37396efc7a67f76e99ffc334513c080151337c9c169cd582431010fb3cbf440bde5a81ec2f03c1f8759bf777a817f64720a0bf261a99627cc68271eff83fd0f29ec0cc0718ff100444e8ff92eae38754090f700211eb9f248a3c851484a689081c2300c51eb11b99187cfb39c136fe6b4d8cf13c005c1feb04629b00484d8bf03ccd6d3979981324c69fd1801e120f9af87d7d9c2099004b628ce7014011bfaf8b13a42700694e2ca6d7dc1a4024550704447a06b06540b0356cde28c6347308de3d28ae9b1d31fead0a5e75b01d5c736a8084ab144412702380cd006300dce66eef15714e0d90f60c029ab230d7878c00a4439ec6a4df6cf4be02ab0618f347afa01d848030e32f01b0bc10329b5f5d042b01c631dda4ba843b908f41c038801c805eda31e61f7f5c88815703462f187b236839065f7dc80980066a61c7eef2779f64cd03669b469b50bb7340b80c00052030be74ef02b9df15bc79c062d2781b6a6704a60c282d02b7adf90735338f5d036660c38de85d3920d41c015300a45e04bb0ecb6f02f7d630b590f24ad70168ce80747aee7b4b991f941e965fe44d043d002eb047079a4820d629802f02c94da0d319412b00a099a783caf74b22091a578ec59a024ac814744d066063ffd8b7b597dc7b033d536ede47e8b46c2ad639e002407a0fb0317e2c9fbd34c059865a73682b90789360c8987f5862bf2fa0432f0d7008506b0e0b00357b49c259d03563fe0dcc4270978420ec19756d611ab37736d92e1f282ce72cf2bffda866df1f1cd986a803ae6fe1f16c352280be0432ca7f8a58cc89a07d7b388e502412d8ceb980be9c55a8f60370cbc87ff2fbd835200260ec1b8902d2cd20c0bbb5948e809707e4fc3ff96ddc416003c036145cd18f09888fac5444fb4356fc8dfc631e05d51a80987403c025f17a1a02007c8aaeae25e98049831c00b96320b06f82dd41a0f096d116003b532b91c0743024803baa1648e37f91ce0770f947bf67930852f609e5f60dc82d6dad8b1628607a08a95b8b14c5ffbf4c004cfeae63ffcfe01869406ca0eb8e070580100aec4875f2e85a7ce453dcf864bd457b153f15cb3fe43288d524b7c627910a7af5aaac0e18b28b4fc31e0a588d34c69d7cc5339728a57f0100b341aecd0f0e80abd8654860752c7d7ab12a6c84b572a9ccf7df121450052515fa36f03d38000e019c02e33846377e495200e9fa943039b154c2175ae97b7f5e45fc44908902e91f14214937a163f47fd0bb28e022a59e4012c1aa28ac8596828a0689603f0d58b3b534093ec267ecd47294020e206daf7650d1841086e5cc9ff2447a35060f05b0df740820ba013f336798a7bf6f39ebdf41140200d4d9040415411e0d80ece27d8a02d2de6f801e5c9f1ec572cabf0360f501491ffe9a08d6c47d44032414b62f6c3f232173b78144c6b15ef660473a0220a3e3de49a5946d22383d3a594f20688084fc068ec4a7820b2e1237996734c05ef4f015e25202b9980071f2e7e70f5388084e0c2b532003c0c481f833268fcd500019cc7adfc78b8c00d0925e4cdb18305e3f5ccf14246a8084e21e8ee85330df809aa60002807fd387f381f1df737ebca396b695e4660d502504a24fc17c0f327695b5ca6bc02894b5cb2a7122d8160af28980bf8a1516ab204f010451ffd61f590f40ca886d7381a1907b6e74c09c4897bbe40601c0bff1474235001bb9af2501b23280beceb17ed224b29f01a7001206fc6b9fbe360070652581794a0ee95e685affde980fa640f03375a9551a00ffc2a70606ccfb8518958052c4f1ea84160091bb041701c0bbf5ab1a80d110e899e2d514202421f30b9d5310b0a0e097e0fe82b406942022258212bf58a29602147378eff34f595be62a6c4c035688aac3200c322fea3514a0a52171d26e0a4208051017f021aa07400d37ee87ea90e1a465c905c81ae0fb483500f23ab03f7445f2276d02a7401a808f0c41e0923d56befaa9b30798f2565a03544103ea3757a0874ab73ca20e00b1e602711050050da89f0a28e84080dafed812773208a8bc06c87a0072a78a365040d5f60652779a220467c802126bf70fd4004b814fdb8b6db18ad04a805fd57b0cf1bb459a9efabc0cccda404400b426b812a01e0025558730a0a0de25b7a1001bdf0a50fd063b616b7f9a3f0cb46dfafd121200f9360602d88290e2d701d960928d0ea0e36320802b0849f1b854309d1c7a3af0052f703310605d19e40e0397360460ad76e2e32b0144d4802e7940d3ee7f37435af608a1dff53201d4f25b973e04902dac8c9778d0af9a76d034fd94e842806b2300fe2960996f72fbe81a7fa90b0186a1b15b1e09325f347c6578d9a88f060cedef028af20a27cbeb667d08200f392e8c63fc5d34e0a8430319c6df4103a43aecd044965fe18effeec2facb791a342f05afeb07eb65f5271a7f620fefae85e06557ccbc8904deeebfcf03c07cda74bdf187e80abebb690ce27420035cab337db42de93eb51301e09f3bbcefecc068ec23f3d7762e1178fbed1dbf5b7ebf0f12cd1fbc69bf4f1506de6c8fabdb3dd17e9fca07de66daee6d6f77b49d0a00df755bccfe17009001e1edbeab9d4805cbd6ac692752c1bdb6a502a0fedf009c4704442f00e03c1af827784a8df877e701e0fdfe23f9c4adfc17e7148157f873af7bfe1200dedf7edc6b9fbf4205e1f5de8702271101019d0870965448bcbef521c05944c006015ce8eb097016003e403aca3713e02c22b09d0ab198ffcc009068f0f7cc8732338106e39f0780e25468bfe10ff481ff00f7b01c444912787e0000000049454e44ae426082),
(5, 2, 0x89504e470d0a1a0a0000000d49484452000002000000020004030000000656c9c900000021504c5445ccccccffffff000000ffe400474747cab400ffb1db793bb6cd2d00c87aa4ff653927def649000020004944415478daec9dcf6edbb816c6652fb236651828ee2a24eb007769097e81a2f300768100b32b0c54815f204096dd05dd4f022fefae8f794989ff4552a44d5199da2266269338b2f8f177be7348517181aefc286e02dc04b8097013e026c04d809b0037016e02dc04b809701360ec03b44779a50200e528af4f00601ce575090001f8a80a1413f5ffc328504cd5ff8fa2403159ff01b812019cfdff18088c2f00701f572100f408505e8100befe7f08048ae902e02a04f003f01162a09812808f80403125003701fe7801c0950b006f020c1de59f2d00b872018601f8c343e026c0b50b006e02dc04489604f0bf50009850005cff99024cdfff7f89007517507f9c00a1115057ec64e5750a400360b4d2395a00321ab9e782028031a2205e80bace2c8002c00808440b8083158089224005203d02b10294148130091209501301469c4017b1c6d62210a4409a0541f276fa992617a043a0be5c80b300488e40a400f4fd71a0024904e801901a812212002010a82f1520180038e6325abc0002816a18978b05c0bd08488d401119013108248880ba1f01530a00d9fbe330051245c0b84bc96708500a04aab105a01688c65d472aa223408981fa02173c3f02a613008a6bc74108c0512c30710c9c27401802303d0033d2d22250c447801a03d5b9265086f55f0360d1b6e90480cad5e34b05089c776a02cc584b1a036709106a831703a045c042b48904e8062106818b36895a01e0ff9e4200c8064117a03e4f80b300e864bba75f4d25c08c2370690c8401605d0998d36b28271040b3e1c018b820026a3502ca7bd8fe4ed3340744af610201a0b0611d81b34c20160034a7df7b68e881da6b9844808596892f89816800c8c0a3a63b0e905e437e01b43c7c611e28c300a80400778d3c0e905e433981000b3b02670810d67f1901f78d2ac07dd24aa0088f80990381f818080a00250254008809b4d7905b00158045a0006bdac02a3e020c00160fba008b949540b800330381e118d8a35d49fe017bf2158c06a016f4cc69b78f2721407b0d655e01a006401802edf07718988b8a210088085820430098b21208166006e61068b5c0d0e2e85e69ea510602c0a1993f9802a4ac040205a0c3cec66f01eee1222006d64a8b3aac0034a793cc83206125102a0001a0e1abc2733403213708c8d0e36f356d75f01dd53e00338b00092b81300168d43d906aac2bcb908980d303ea2d69eab11d8602eb16b8281ffa025004f20a306b23918e0a79df660e75041c0068c34f8feeffedce6000202260d617a04b495905609148b527fdff4e8ab18018c05b0d80add23c18603d0248ac379d07aa0224ac044205983d746fddcec90e73be38eb8901ac0dff37a3b93010a9552c03d9046811c82800e491c8e6a4df91b12a60edbf1afddb7eb3bb014f2c020016014400990741c2341028c0acecc4ffaf3a27f7c500ae7bb1df6b1608c41c5b548edd1bb7029c4e6fac104898068204a0b9bfbb8c6377092c0d006959befe6f5dad322190536ca05701cdd3492a7020af4c36210c136006eeb4404470e68d01ec1b7837044232b112d0794f9b045404ba95c16c0274558026c03d5f15b0c6005686d98b8080c0a0460250da04602e944f00362193021cbcf3012c8778c0052404a5da7f1901cc7b84008d3225cc2780528f9fe4ba9cb314c0faf0d76110a8ae21570200d204908b02d485ca7c02cc4c019040a03727d68bbf8064d042402a034b04cc008b80e3cb495b14698bd17c022cca7b4300ee01fdd5e175ed3e3c10a8c05412006e014f22fa9907d062349700b40ab86302bc8962cc7597f05bed3b86d2823111e45540f36208707748b52e1824005f95932ecc4ac1fe5e816ded3fb6de66ac04006e014f474380e63b4c94068a100b608b32aa0096bb84356a6379e8f02280d508988908389e0c0b68e6a9d2401191049a7729004f03dad260b702509f0f41d5ee0b5300e002bc1b027413d232970033746712c04a413d06ccf97f3404152909590450c4e63c09f692c05d3b21cd230094b7661401441a0025d28736e47021b0167793d84690c69e045829984f005e08bebca9eb727a0c98c5df5910b4b302b11d8447402f09300fc826004b0247e901a2141431b08d00c00341c5ef1ee800f492c021d54691222209102f7e6e6429a8ec19ab6201706350895bd1528093444ff3806c02b042f0787a7f6bcc52b02d875134002e0c5839d19e5d44c0e9bd9706bb45a96c02dcf53c409482ed65ecf13900d830e00a4005009a04cc18e8ee4de410002ab767df4fef4daf142457ba46e701d047a15614107b42bae5209b07949904988b558967753e2e3c605f9f0f80f568df5844004902a600cc033209b040df792cbe3d899559391b58d7dbfa52042c0a2800bc9fcc18e83c2017017c8f0ef1806765a70e7780de742e91028280d34b4f80ce037208a0eed1a11ef024d200efff363d00ba02c7f7932900f3009049803977e3d34bf32cef50b222600c0034058e2f6fa609300fc824c042cc49de4f4f8d2ec07a2400540548df8fbd348016209b0025f700928f9f1902ac14542a80c400280ad804607b14c61700ca42b0b563dd03ca351e0d00a90009ffa36102f93ca015c0e2010dea00a8c703402840bb6e0890cf03a0ea015a29d85600a302a0fb809106d022cdf36341043cdc89928c7b0015608fbe8d0b80a2c0d11040ec53caed014a29b8d24ac05100900a182ec83d607c01f4bdba47590a22980300c5093501b807e41140eed57d523c609d0500a1c071220f00ca64907ac08bd8a9130b4075692e6826f100a07940234bc11fb1005428cdcce841de17489107e33ca04d03dda19780df427a819328d07d2137aae5f680b7330140b844753a05f846b5b10580ba073c8b55c17d641188d0a6bc00015581035296a5b308a07800af477ea055d43410a12558a2840ae4f200687800af47f6306a1a484eb4011bf54ef2450a90ff1e504601d46776ba9a9c0010330b20e72100806599480182405601e68a001481470a408403d0d36c4087004ea2007ac829c042dea16811f8e7ed47f3232205905e8325e008042b5061f75af1011d527d78619007ccd51aecf8f7db63135103b0f8ef5a15a100f2ac9623985380854a40f3e3f44f135103f0f8670d052b50d95e5831050e289300dd635b9a008fa7bf0fe100c8f8672d5401da55c7b709ffc485f209a07b0089ff0800e829965a2bc314201d5d5a5fd7edc6a3cf24e62340f380c7e6f1103afcf46237c068610a90b7ded89366ab002944613e01540f3001f0cd72e9a52e41af85285051e770d5cefca9e4493cc004c063eb552ffe652a1850a042cc2f9c67de57fb7c1e00900ac041030021cf5562b0b4b641062acc5286fdc77473f9962190418099520a1200506f470f76d81fdc00471b50800100ac99b07be48cee29cc2500f180071700749a679de72323ff47f9408545d5e0d9558456b9049809014c00c858d10a1fdbec0f828da7f97ca042f255d8bda308ed3209b090dbb53400ba9deded4085d97fa80f687307cfb63298cd03a4002a00ddc66ecb40b5bfb8196a4e052aa576d005301f3edd651160a17a8009802d5651bffc73fa00f202405f83ddbb0ad730bf07580168235a0bff0d08699555814a2b1ed517f49e3f86bb4c1ec09f5b3000a89012d1ca13947009c29a9501bd7a50c2c4f2a4512e0fe0b3210300d5e891fcb3fb61c32f7cc050a082e62b3c08e4f20026801b008640cb74e8f08bf5015d01f3f7951f5b1e40cfe4014c001d804acff4250ac8fe96662850c11e24d8b9b99ca681328b07200b00a6d5b7afc76019db740590c5273c7f8320d75c000d02d01a368a1d7efe7bc809004504bb9e2ea0954096b9405b09e90054fd5c5f9e31fcc207b003007555606bab04b278402b800e4094d987f8007600a0ac0a58108079ea002a8009c0b9c3edf401ec3a2bc7c3facc711602da525003a04a0a00f301ec386be546a0da67f280121100b0ba0a901400e603aeb37a1040790820023c1ef62302c07c00b9e60cfcc944735b0aa9043209b06ec605a0f301ecc443fc25b25e1ac824c05e05008d0040eb03d0f913ea901899db52682590e3de20a09b42b1ba103c0200a48ef0ad1c88bb01bdbf3f9245809d227d3512007e38688a40bdddc90910081260a53c18e25bef1fad95edc7ee6ad7c1d34016017680dbefbec6130020e7193d04d03e930708c1cbd8197fa214d12e33ad8c475412201026800000c13274c52f692bbb04b1eb2190c903240070020750da0a9908acc715001900a0491c40b65d691683fb0c028847435a0798128065ef3195b13da01540c45dfb4cfb94006cb48a44fce199910510a2d365e07262002c087c6d2ff4abd6920a200140c4863713374b1af83ad8ce16e033d200802b1075d3078d8180590cae0304f0b4e1c7e674007611b77cd039f709e211f87c9102858f91afe80b24c59702c02a0a00147aa3380601b31844e832011cb1c2bf03775cf0aa03601776db174a0946ae04aafd8521e07fc19a03507700ac40d87d7f751b231eb912b84c00ffcfbf409e7749040401506a4b499d04a356027b94c2033c08b088ab5007c06a7885bfff11698911489906864240c8bd6700ec8687dff2a942214bc2a189236d1a280201d8b69f18340080adfb9d02437b068d03e74b0343212027821c809df7f60e747cb2d470c58082313010b82c0d0c08f0979808720056de9b3bce0f578383f50232f6bbc03c69602004d489e0000076fc651078861fda3f89cb5d09244c03c51000984f04575e044a5fff5b055c9ee1f968691886c0881e400040ea3cc08d00ebc9ebff9c9fb169ff1de4fd504e387e1a28821c4094812e0078ff7ffd742200c33d43d9076f7db79469c01b02ca3c007a01605df9ed02c086c040ffb9042169602c0ff84bcc0364196845808dffafd75faf3f412002a5d733a40270e434500495817420dc08545d5f3efd7e0d47a00ae87fe704161f4899068a903290eedf7503c0c6f21305c0e901f45506347dfefff3fa4b34a9001e42a01acb03beecc58e00e80180f5e59502f0fba78767fd19624bfcff7ed51a57c0829c9e06d0e7913c00098981db0378ffbb81fb09421028edfef7e9d7abda7e321fc063a68122601e2017832c08b000d086cd858076b3d772e800fc9fb96bd9715449a22e6b167759d0b264dd95098a0f6890f723cb3f806bea7fa676a5f992fb9963481e1991119981c984369b56b58dcdc913271e2411839e70cf1f1037904803f828e09471624e6d9707a0f41320c30418f42467a28188a1e041910734dd1208043006709e97cd27e9d60326ec3b180d1852291a43c47303074514809dc08910a0c0b6ebf569f3dd7ef61d98003f5638e02f0ad549346026408da280d6f5e6ccb2f136e02700d5804ca4404d43c18f141a304501b213e8af9f5f364f302886c08c13e029408a42ab00504401a21330defccc48b72402836e086ff84738534e63017a6f208d06c0b431b4f8c51200858058ba05004aa31b520e8435807520e337477303877014409c404bbdf9192d9c170030918308c03f829a3814a0a120c4d780390a909cc0e4cd05cbe544c0848ed2ff8b5472b6a6016e64b50680b013c09940eb86735a0d18dc800c804c259a1442b48a80ac01d5bc39dc4f0094c4fdcfcf80fe73621944762739a90b100d58e106441300dc23c0a5c01ccf9f951a60b281da03001705b00525003a9a26ba064c51c0f3ecbf180a58f1fc59af01a5cf09649ef3904800a285828760142004827642a7d5803e1bc8e54a90e73c24188c170a1e8251001f08a2844e1b0ae6a63b50a6d1003e86987310dccc2ab506b40e0550467f166d9709056b0f00724e913b4f2aa35e262934607e46b070350067f47fffa8d241b38c1e06789c09710339d923105f03c07a489409044942a74c071768c0b79047580f92c509050f4102b0812049e8966980260e081495f368a1a0600237408d22a806d08c7e990668e200218fb0ba0aa4d5801be05e41840274157525a10571c0b75c4e9a1e298f130a4a2650cedd02190da0258df382929007004f34e1dc582a238582220073b348570372279fd196847afd50684016d6800675358cad0103c00da301ec22ea34c0d8b19c0d7ac249270e281bdcd3ec23ae0680d52d1432aa016e51efef056561453de09b7720db69c00dfa87b5c749d85403dc4b386b3460b063d90d78cec1c4014d420db881dddaca7102437f215ec063d404c5cf6ea60125eeed85e300aeaeafd180b1acd30fb3b666963a1af09d2dd580d723210d005403b8253c2b346014f2b14195a801dfc10d26a6b50cea6a145503080044030600def848207c7bb8fffc1b43020f894859986a4013590350732b47030c00ef6afba5c15cdecf151e0fe61c624159d48026ae06dca0f16b40410960f970c5169161b4f41ba5815c54a235c1a1bb522a0d2000b01a406df86fcff299a5b6f707141605dea9067c07771865399d771e5b039aa51a3047020c00fd425b8bd8b9913772581a90059d40364e6d4aa501256a70a7d280b3a401ef0e01ba60f03d630ef9ce82bbcb900cac7e39143c849cc0d0df8bd380379584bf4d0428ac052c1c0a3c8f9fbfbae39b89119cdbc38009f07a241406a05fb8b006f0123e2fef0559314f81fffe7407a30eeebd41b01bccad0280d5400440a1d2802912e096ff498023b2626029d013e0c7d586ccd922024803569940c8093805a1d3a4013c05b8e5a704e82a0a9c06f414207fe5f6078c9d46e7b255640dc000e834207334e04d24c09c0fb81ae01283dd6a6e35985b6702f7f1250150974c3d2073dd408635e0dd470081021c01de3902200d8805c0fcc22dbfc57ac01b1f09d0c56709c0ab804c00e7d356abd9b5261006806a80b92bf02e502063e4fdc27420ed506434e09b2380bb5574ee333a77f44e06c06f9d1b182201c6bf33046029d069808a00cce889e1fac32fb8df169b80eb06d88cfe190c7236cc1280a5809a00390bc04b2f0600ec055d0d68ad740ef9fcf35fec12bec1917dfccbcd08c630304480df1b03e068c050167ea71edf09e4fa23bf080f7f01490adf994fb39bc53366ac494a007e677c55f08dca3debc78f0201cc56f38c7cde2100fbd4106c0b40c6534008e5e8dfe0223f0c9ee3f3306120ffece0d6005002b4c3061136966708e0ed1358d89fa77980f0e4605a00a8c0381a707296ce0ee5a803b840a09f7061118838805ce825b03100c5220a5007702c427346a678e0c7b57fbe7b2170e3383fd201a0a6c09958f173f92f45b8a5f485d393e1d159fe51f58d017009d00e4fcb110a9cb106781c007986980b1fe51e02dc0cb23a1a00370780d221c069785c8c7303d8fe150d6400e9c0441e4f1baa3c31008d4203da8c5db8f3ac01ddf21f356da486a5c6dae16d42c5cd674a0840cd68c0890ab823e41785fddb6d642e8072076f1791ad01008e002d167022e466f9d5ade4faeb3d5a87bf91cce6003004380dcf0cf102de2fff921e626048600e08f522e42712c702001800780a48023e2ce2a20e61b5458250eba93a3100a573ea5f2c05fad210b2ddc9f72f5b7ebba58ca60761be3100ee5651bb3ad82d1b5dfce32b0de47230c3120ac53b3707e0245120b36d773e5ee92098ab3f25cde44e08409b49872be00bc49fba0275abf9ad0128b3937ce444c0570c9ad1aa459912801b93691659eb3b72bb09dcebed236bd0be4f18749c0c00dc458853027b79568c91d0068edb03f0db4f017b795e9f3ea09d5c200ce44e0a40a6a640fe7aaf50ad1bd81e00af1b201458d145b856ba8f3d00a8d41458d34056a70182044403005806644a0ae46b7a89eb34a04e0d40c901705252202f56740cd6698060014901a8a1555260851378ea47b1c209240620535220ff955c03760240ab01014fbf5e03240d4c0a40d80d9c541a106834afd2809d00086b401bd680dcdf305a17074816901880a01b3829660f077b8c172b9c402c006eecf96b2d057c569e07ca3daa5c408a02520310d68053d08ea11b1ab83617c87702209c0d0429d0957abd451fd53412e89e6a1600f8480780c60d4c9d05c4db3f8145561593baf631bb00a02140ebb1e4dad8bf87025a27f0b90b00a1a2106e2ec157fd039180ca099836729b03f0a97403ade8edc73bfdb5ec08544561d33f686b00faf9be858602a7a9d1ac140188c3267493c96402a404c0f414545360b86d4c5bcf32ff7635227c07b19128100900d6cde21923611dc8d1fd01b2d50bf8ad9f2a020ccd6304994a0780db5c3a94164e1b3c7277ab0773ef5f774f7088023e3707c09d30104e0b81191883feafc01bc5b4b5806b2351202100a6716b9bb52f90605e7ebb6ab06cae909d4d7c8a1a900e00aebfb8aa449cdb1b3df0ffd1ebd7de39a89a1d34c01d35a5be4b604f07c2ff932f5efea116205220b1065c6bad1be007d1088de997cd250568f6d380fa51e829d0b2cbdfae1c5a3bb78fda4303f49180bbd8a74c35ab501905081448ad0178d8d41212b4910860b792dd12807992c7295b7fac22005c77d480456e60998350ef1f283ff7d480a62a762540574b68926bc04dd680281458a3017314f0b9290056fbe65d3520f713201a004d2353a0d89302809a486e09c0f5c54820b20600a0d6511b02608d77dd9100758000e900b8fe1914003c58664300ec612ec57e1420c3a576d180a682dd08908708b0850644880456e401e5e7fe1a1021187c3d0cc4ede4f7d180fd28407a896fa9016496c76e04a89a3f4003d607832f13808c96fadc4903aeb00f05e86cb1dd34407f83282e051404e80038dce9a100e0b044039e1428ff08025c9500f86160de1bd280e595c134046035e0723f048e7f4dd7feeff16f6100aea48dfbafed29a021800a00e620081c031ab03a1f78c505d4240f58a0011a04020050e86115055e5300dc467ab9062c385c13a0d03f5651e0b54a0030bf83d92172594f80b0065cd9a632492990ab08f032004b35a081e05384912900789680440180fb261af0cc07b6a540dee5010a0abc0ac0520d584b81763901aa874e030e2934e0ea425f43b1613ef024c01719292369c0611b0df8145a4b25a2c0330cfe7a947f9206745fb5614a081d00b093067cb204d03e3d1085049d057c7dc13e1a706509108302a745047802505e831448a4019ffb52c010e0eb114e07ebf81a5033e23b4ef4d8ea1691214027022102bc980cfa3480cef4b3a007d8e846b121406703210ac449061100406bf1f664af6d28904f00042b022f03209b0000881a00b0c97ea1c1029e36f0086bc025b20674572968c033388d4081939e004f11d84c03caf98c47cef2fa50b0fa8a4281564b80a70d8434208e13b00178fa55c10dd4d02d497a0acc04f8faaa4a27298d040035811980cb5d7003751f9bc470046da0143411c08d04806ce77a310e7228309db6ee01e003c1ea2b16054efe5d411600d40d54b100208705c0130dd60d348698c929505b16f044a0a4b5494810085a007427bc716ea0aa27df9c96023601dc4800280097281a309b4017571cc12540fda847df1c8702ad8a004e24509389682f17c505006a0380eb06aa7961d2520013c08d04800c05fc88ab01350c4ed121c0bc3049294008e044020f0c402c273001604ec8b801b07e18acad0e7a484008e0d404ba40b58c018060024653dc8a7c077cf5982800c9284009d0d7c5b0066000ee5135601055371b80eaa90c0fcb08125120e700c0bfa400885d119c4da0863137a204f8cff33d56881e89022d7337805e3f894ac0a640342730020013002402af3e3a002c1d8424147009d05f2fbe4d7d8c02006f02c3f96e34148447ff57b0162609055802604502b8cd36b022196601a827004a1a05f434b17e1e448a064e21027c90a804ecc188b13281d1046ab0f04051c0e5ee50e09145270147800ef7a6b435c04adea339810100b000c0d26b9886f2b4f8146009d06b0faa4a5c661b5801006b02934501102730fdddfa71d1758021c087219e45c8ce4c4700d604c21400409242dcc004f4d1fe8950c58d061c023cccf7de10050c0065dc4c60a88ad66097c96d024cdf8353d5b81470a3e0e17b9123e856e93850209e13300080054079c5a04fefb357a852741e5ed2878825400fc0fc7bfa8b8e00007767c4be4edb0df451004781a72b2834d6ada2804880fbf1e90aa704b536ba58ae0d8419006c8b426ea0029b2a7891fc3ac0f51290de27126020c1140a7e4c45dc6899803181daba4edb0d0c510047017f62f85b6c28c11200040298df3751c014ed60651cc401001800cb09a08801e83a550b4a3e3e025432012c0a9865ef6d609517644cc05614db0d3c00bfd3f9a1302f64b8e62737a3f310c0a28059a79b01e01255033000f3364df23554abba84adb2963c7ceb476841557908d0b3deb4941b008068f7054713a881de2a72a280e1977c3129ebf28d60b4bfd01d3c043046d0df1934c8748488e8041c002c3750d3af7128d09bc1a530e3665e7c44bc0b6f2a0f01660a4402c0c9861a0cf9bc55db915a9702dd82e19171106c1449bb6a75dfe923c04401f37bba60705532eca6832e00b3df0d51a05bb34b37828e8c8ed3bf3a6b9e29f0e016d7244573ddb28c570d30f03aaa38c5de0a0a7c3deca1f3840c9a173a2fb00e0e6ce737a21689000c00e5d85190299f3014b814dcec41c5ab1b679ee5fdc54c3b6304ebee11180038ae04c03df7c5ad108c8197820270e446c8a241f539644526bd86cc7f2480b49105e6850758950c6b0030811707b3438187337f701a23ad7b0db7a42a73fdd2d24ed662fe7d8faa01ce770d9d853f0e0a0aa0e9833c01fcaf1ca6f33e3c57363a8cff97776d3b72a340b41be503da8cf20e9589e63991f63d3b8a94e7e453a248fdfb6bc017c01494a170b7b358bbd26aa7bbe1d4a9534581c1d1e1c2aa0189d9815f0c8a3b9208010d04180198a4cd8c5f65c57aa9db3579c06644af897d53a92c2039233092df448049059d972b4e6a9353c1e4ceb97fd00957b88fc5dc35dc44805104d43ce979bd7c7f8ac7860174be1150600c01e920b007003874742459cc961cfc45923104402301461f38160062a118f7478f02bf460240230166157c220a88c28c7ba5c04800a91a0930a542cff4bc17269c0b057e610ab08f0247c93f5903be9766dc33054602e8741ab83313383200d054305f759c2880ce027612610440c25351e0bd946d5b0aa46601f2e65f484da501c0004fa502c59cc4ee17406701f609aea60ec7bb2189b9bd583d93065c8ad3ade9f2695df4feb0f8b3f97b47921180e37ce0c21428009d055c933abfb6e0de727d3d3c1be2ca97b169e02d27f633153c9d08a644e779fecd280021ee5b22f87f2d99ab1c4710a039fe6ff871220d804c0e50db1e550f20cb5e5847d4bc049810787d5eaff7cd33f6b431f97b20020c0018ae0efc0438c80b6a11802552432f021c85403500cbb204dcfa10c021f09c1af00633d1ae000008bc494441540ef3128e59feed45802310a80540db6cd5ae7a8eddec450087c0336a80b0f39579fc9b291d1b018e40a0168029855d7bda8500cfaa03ef1300f12a2f3f017ae7032d1ab01dffd085025da361ad0b98b103b2cacf4e81be08d41640b23dbe4dff3022004fa40091fa0d181198115097a87d607181a999fff876a116890174a9cb9c0498cb26975cc3fafb2df9ffeb1bd0c6cf4b80a5847679741340e33f3701d6dad9330c5f137a7be50760aea33e6cf8cbde57dbf4d1045821508fb33dd1fc7d08f03829109018be7c000156081ec17cb2f57b12604d8b1e607d7a0f6f43df268f1302b1d7f60710605e37396efc7a67f76e99ffc334513c080151337c9c169cd582431010fb3cbf440bde5a81ec2f03c1f8759bf777a817f64720a0bf261a99627cc68271eff83fd0f29ec0cc0718ff100444e8ff92eae38754090f700211eb9f248a3c851484a689081c2300c51eb11b99187cfb39c136fe6b4d8cf13c005c1feb04629b00484d8bf03ccd6d3979981324c69fd1801e120f9af87d7d9c2099004b628ce7014011bfaf8b13a42700694e2ca6d7dc1a4024550704447a06b06540b0356cde28c6347308de3d28ae9b1d31fead0a5e75b01d5c736a8084ab144412702380cd006300dce66eef15714e0d90f60c029ab230d7878c00a4439ec6a4df6cf4be02ab0618f347afa01d848030e32f01b0bc10329b5f5d042b01c631dda4ba843b908f41c038801c805eda31e61f7f5c88815703462f187b236839065f7dc80980066a61c7eef2779f64cd03669b469b50bb7340b80c00052030be74ef02b9df15bc79c062d2781b6a6704a60c282d02b7adf90735338f5d036660c38de85d3920d41c015300a45e04bb0ecb6f02f7d630b590f24ad70168ce80747aee7b4b991f941e965fe44d043d002eb047079a4820d629802f02c94da0d319412b00a099a783caf74b22091a578ec59a024ac814744d066063ffd8b7b597dc7b033d536ede47e8b46c2ad639e002407a0fb0317e2c9fbd34c059865a73682b90789360c8987f5862bf2fa0432f0d7008506b0e0b00357b49c259d03563fe0dcc4270978420ec19756d611ab37736d92e1f282ce72cf2bffda866df1f1cd986a803ae6fe1f16c352280be0432ca7f8a58cc89a07d7b388e502412d8ceb980be9c55a8f60370cbc87ff2fbd835200260ec1b8902d2cd20c0bbb5948e809707e4fc3ff96ddc416003c036145cd18f09888fac5444fb4356fc8dfc631e05d51a80987403c025f17a1a02007c8aaeae25e98049831c00b96320b06f82dd41a0f096d116003b532b91c0743024803baa1648e37f91ce0770f947bf67930852f609e5f60dc82d6dad8b1628607a08a95b8b14c5ffbf4c004cfeae63ffcfe01869406ca0eb8e070580100aec4875f2e85a7ce453dcf864bd457b153f15cb3fe43288d524b7c627910a7af5aaac0e18b28b4fc31e0a588d34c69d7cc5339728a57f0100b341aecd0f0e80abd8654860752c7d7ab12a6c84b572a9ccf7df121450052515fa36f03d38000e019c02e33846377e495200e9fa943039b154c2175ae97b7f5e45fc44908902e91f14214937a163f47fd0bb28e022a59e4012c1aa28ac8596828a0689603f0d58b3b534093ec267ecd47294020e206daf7650d1841086e5cc9ff2447a35060f05b0df740820ba013f336798a7bf6f39ebdf41140200d4d9040415411e0d80ece27d8a02d2de6f801e5c9f1ec572cabf0360f501491ffe9a08d6c47d44032414b62f6c3f232173b78144c6b15ef660473a0220a3e3de49a5946d22383d3a594f20688084fc068ec4a7820b2e1237996734c05ef4f015e25202b9980071f2e7e70f5388084e0c2b532003c0c481f833268fcd500019cc7adfc78b8c00d0925e4cdb18305e3f5ccf14246a8084e21e8ee85330df809aa60002807fd387f381f1df737ebca396b695e4660d502504a24fc17c0f327695b5ca6bc02894b5cb2a7122d8160af28980bf8a1516ab204f010451ffd61f590f40ca886d7381a1907b6e74c09c4897bbe40601c0bff1474235001bb9af2501b23280beceb17ed224b29f01a7001206fc6b9fbe360070652581794a0ee95e685affde980fa640f03375a9551a00ffc2a70606ccfb8518958052c4f1ea84160091bb041701c0bbf5ab1a80d110e899e2d514202421f30b9d5310b0a0e097e0fe82b406942022258212bf58a29602147378eff34f595be62a6c4c035688aac3200c322fea3514a0a52171d26e0a4208051017f021aa07400d37ee87ea90e1a465c905c81ae0fb483500f23ab03f7445f2276d02a7401a808f0c41e0923d56befaa9b30798f2565a03544103ea3757a0874ab73ca20e00b1e602711050050da89f0a28e84080dafed812773208a8bc06c87a0072a78a365040d5f60652779a220467c802126bf70fd4004b814fdb8b6db18ad04a805fd57b0cf1bb459a9efabc0cccda404400b426b812a01e0025558730a0a0de25b7a1001bdf0a50fd063b616b7f9a3f0cb46dfafd121200f9360602d88290e2d701d960928d0ea0e36320802b0849f1b854309d1c7a3af0052f703310605d19e40e0397360460ad76e2e32b0144d4802e7940d3ee7f37435af608a1dff53201d4f25b973e04902dac8c9778d0af9a76d034fd94e842806b2300fe2960996f72fbe81a7fa90b0186a1b15b1e09325f347c6578d9a88f060cedef028af20a27cbeb667d08200f392e8c63fc5d34e0a8430319c6df4103a43aecd044965fe18effeec2facb791a342f05afeb07eb65f5271a7f620fefae85e06557ccbc8904deeebfcf03c07cda74bdf187e80abebb690ce27420035cab337db42de93eb51301e09f3bbcefecc068ec23f3d7762e1178fbed1dbf5b7ebf0f12cd1fbc69bf4f1506de6c8fabdb3dd17e9fca07de66daee6d6f77b49d0a00df755bccfe17009001e1edbeab9d4805cbd6ac692752c1bdb6a502a0fedf009c4704442f00e03c1af827784a8df877e701e0fdfe23f9c4adfc17e7148157f873af7bfe1200dedf7edc6b9fbf4205e1f5de8702271101019d0870965448bcbef521c05944c006015ce8eb097016003e403aca3713e02c22b09d0ab198ffcc009068f0f7cc8732338106e39f0780e25468bfe10ff481ff00f7b01c444912787e0000000049454e44ae426082),
(6, 2, 0x89504e470d0a1a0a0000000d49484452000002000000020004030000000656c9c900000021504c5445ccccccffffff000000ffe400474747cab400ffb1db793bb6cd2d00c87aa4ff653927def649000020004944415478daec9dcf6edbb816c6652fb236651828ee2a24eb007769097e81a2f300768100b32b0c54815f204096dd05dd4f022fefae8f794989ff4552a44d5199da2266269338b2f8f177be7348517181aefc286e02dc04b8097013e026c04d809b0037016e02dc04b809701360ec03b44779a50200e528af4f00601ce575090001f8a80a1413f5ffc328504cd5ff8fa2403159ff01b812019cfdff18088c2f00701f572100f408505e8100befe7f08048ae902e02a04f003f01162a09812808f80403125003701fe7801c0950b006f020c1de59f2d00b872018601f8c343e026c0b50b006e02dc04489604f0bf50009850005cff99024cdfff7f89007517507f9c00a1115057ec64e5750a400360b4d2395a00321ab9e782028031a2205e80bace2c8002c00808440b8083158089224005203d02b10294148130091209501301469c4017b1c6d62210a4409a0541f276fa992617a043a0be5c80b300488e40a400f4fd71a0024904e801901a812212002010a82f1520180038e6325abc0002816a18978b05c0bd08488d401119013108248880ba1f01530a00d9fbe330051245c0b84bc96708500a04aab105a01688c65d472aa223408981fa02173c3f02a613008a6bc74108c0512c30710c9c27401802303d0033d2d22250c447801a03d5b9265086f55f0360d1b6e90480cad5e34b05089c776a02cc584b1a036709106a831703a045c042b48904e8062106818b36895a01e0ff9e4200c8064117a03e4f80b300e864bba75f4d25c08c2370690c8401605d0998d36b28271040b3e1c018b820026a3502ca7bd8fe4ed3340744af610201a0b0611d81b34c20160034a7df7b68e881da6b9844808596892f89816800c8c0a3a63b0e905e437e01b43c7c611e28c300a80400778d3c0e905e433981000b3b02670810d67f1901f78d2ac07dd24aa0088f80990381f818080a00250254008809b4d7905b00158045a0006bdac02a3e020c00160fba008b949540b800330381e118d8a35d49fe017bf2158c06a016f4cc69b78f2721407b0d655e01a006401802edf07718988b8a210088085820430098b21208166006e61068b5c0d0e2e85e69ea510602c0a1993f9802a4ac040205a0c3cec66f01eee1222006d64a8b3aac0034a793cc83206125102a0001a0e1abc2733403213708c8d0e36f356d75f01dd53e00338b00092b81300168d43d906aac2bcb908980d303ea2d69eab11d8602eb16b8281ffa025004f20a306b23918e0a79df660e75041c0068c34f8feeffedce6000202260d617a04b495905609148b527fdff4e8ab18018c05b0d80add23c18603d0248ac379d07aa0224ac044205983d746fddcec90e73be38eb8901ac0dff37a3b93010a9552c03d9046811c82800e491c8e6a4df91b12a60edbf1afddb7eb3bb014f2c020016014400990741c2341028c0acecc4ffaf3a27f7c500ae7bb1df6b1608c41c5b548edd1bb7029c4e6fac104898068204a0b9bfbb8c6377092c0d006959befe6f5dad322190536ca05701cdd3492a7020af4c36210c136006eeb4404470e68d01ec1b7837044232b112d0794f9b045404ba95c16c0274558026c03d5f15b0c6005686d98b8080c0a0460250da04602e944f00362193021cbcf3012c8778c0052404a5da7f1901cc7b84008d3225cc2780528f9fe4ba9cb314c0faf0d76110a8ae21570200d204908b02d485ca7c02cc4c019040a03727d68bbf8064d042402a034b04cc008b80e3cb495b14698bd17c022cca7b4300ee01fdd5e175ed3e3c10a8c05412006e014f22fa9907d062349700b40ab86302bc8962cc7597f05bed3b86d2823111e45540f36208707748b52e1824005f95932ecc4ac1fe5e816ded3fb6de66ac04006e014f474380e63b4c94068a100b608b32aa0096bb84356a6379e8f02280d508988908389e0c0b68e6a9d2401191049a7729004f03dad260b702509f0f41d5ee0b5300e002bc1b027413d232970033746712c04a413d06ccf97f3404152909590450c4e63c09f692c05d3b21cd230094b7661401441a0025d28736e47021b0167793d84690c69e045829984f005e08bebca9eb727a0c98c5df5910b4b302b11d8447402f09300fc826004b0247e901a2141431b08d00c00341c5ef1ee800f492c021d54691222209102f7e6e6429a8ec19ab6201706350895bd1528093444ff3806c02b042f0787a7f6bcc52b02d875134002e0c5839d19e5d44c0e9bd9706bb45a96c02dcf53c409482ed65ecf13900d830e00a4005009a04cc18e8ee4de410002ab767df4fef4daf142457ba46e701d047a15614107b42bae5209b07949904988b558967753e2e3c605f9f0f80f568df5844004902a600cc033209b040df792cbe3d899559391b58d7dbfa52042c0a2800bc9fcc18e83c2017017c8f0ef1806765a70e7780de742e91028280d34b4f80ce037208a0eed1a11ef024d200efff363d00ba02c7f7932900f3009049803977e3d34bf32cef50b222600c0034058e2f6fa609300fc824c042cc49de4f4f8d2ec07a2400540548df8fbd348016209b0025f700928f9f1902ac14542a80c400280ad804607b14c61700ca42b0b563dd03ca351e0d00a90009ffa36102f93ca015c0e2010dea00a8c703402840bb6e0890cf03a0ea015a29d85600a302a0fb809106d022cdf36341043cdc89928c7b0015608fbe8d0b80a2c0d11040ec53caed014a29b8d24ac05100900a182ec83d607c01f4bdba47590a22980300c5093501b807e41140eed57d523c609d0500a1c071220f00ca64907ac08bd8a9130b4075692e6826f100a07940234bc11fb1005428cdcce841de17489107e33ca04d03dda19780df427a819328d07d2137aae5f680b7330140b844753a05f846b5b10580ba073c8b55c17d641188d0a6bc00015581035296a5b308a07800af477ea055d43410a12558a2840ae4f200687800af47f6306a1a484eb4011bf54ef2450a90ff1e504601d46776ba9a9c0010330b20e72100806599480182405601e68a001481470a408403d0d36c4087004ea2007ac829c042dea16811f8e7ed47f3232205905e8325e008042b5061f75af1011d527d78619007ccd51aecf8f7db63135103b0f8ef5a15a100f2ac9623985380854a40f3e3f44f135103f0f8670d052b50d95e5831050e289300dd635b9a008fa7bf0fe100c8f8672d5401da55c7b709ffc485f209a07b0089ff0800e829965a2bc314201d5d5a5fd7edc6a3cf24e62340f380c7e6f1103afcf46237c068610a90b7ded89366ab002944613e01540f3001f0cd72e9a52e41af85285051e770d5cefca9e4493cc004c063eb552ffe652a1850a042cc2f9c67de57fb7c1e00900ac041030021cf5562b0b4b641062acc5286fdc77473f9962190418099520a1200506f470f76d81fdc00471b50800100ac99b07be48cee29cc2500f180071700749a679de72323ff47f9408545d5e0d9558456b9049809014c00c858d10a1fdbec0f828da7f97ca042f255d8bda308ed3209b090dbb53400ba9deded4085d97fa80f687307cfb63298cd03a4002a00ddc66ecb40b5bfb8196a4e052aa576d005301f3edd651160a17a8009802d5651bffc73fa00f202405f83ddbb0ad730bf07580168235a0bff0d08699555814a2b1ed517f49e3f86bb4c1ec09f5b3000a89012d1ca13947009c29a9501bd7a50c2c4f2a4512e0fe0b3210300d5e891fcb3fb61c32f7cc050a082e62b3c08e4f20026801b008640cb74e8f08bf5015d01f3f7951f5b1e40cfe4014c001d804acff4250ac8fe96662850c11e24d8b9b99ca681328b07200b00a6d5b7afc76019db740590c5273c7f8320d75c000d02d01a368a1d7efe7bc809004504bb9e2ea0954096b9405b09e90054fd5c5f9e31fcc207b003007555606bab04b278402b800e4094d987f8007600a0ac0a58108079ea002a8009c0b9c3edf401ec3a2bc7c3facc711602da525003a04a0a00f301ec386be546a0da67f280121100b0ba0a901400e603aeb37a1040790820023c1ef62302c07c00b9e60cfcc944735b0aa9043209b06ec605a0f301ecc443fc25b25e1ac824c05e05008d0040eb03d0f913ea901899db52682590e3de20a09b42b1ba103c0200a48ef0ad1c88bb01bdbf3f9245809d227d3512007e38688a40bdddc90910081260a53c18e25bef1fad95edc7ee6ad7c1d34016017680dbefbec6130020e7193d04d03e930708c1cbd8197fa214d12e33ad8c475412201026800000c13274c52f692bbb04b1eb2190c903240070020750da0a9908acc715001900a0491c40b65d691683fb0c028847435a0798128065ef3195b13da01540c45dfb4cfb94006cb48a44fce199910510a2d365e07262002c087c6d2ff4abd6920a200140c4863713374b1af83ad8ce16e033d200802b1075d3078d8180590cae0304f0b4e1c7e674007611b77cd039f709e211f87c9102858f91afe80b24c59702c02a0a00147aa3380601b31844e832011cb1c2bf03775cf0aa03601776db174a0946ae04aafd8521e07fc19a03507700ac40d87d7f751b231eb912b84c00ffcfbf409e7749040401506a4b499d04a356027b94c2033c08b088ab5007c06a7885bfff11698911489906864240c8bd6700ec8687dff2a942214bc2a189236d1a280201d8b69f18340080adfb9d02437b068d03e74b0343212027821c809df7f60e747cb2d470c58082313010b82c0d0c08f0979808720056de9b3bce0f578383f50232f6bbc03c69602004d489e0000076fc651078861fda3f89cb5d09244c03c51000984f04575e044a5fff5b055c9ee1f968691886c0881e400040ea3cc08d00ebc9ebff9c9fb169ff1de4fd504e387e1a28821c4094812e0078ff7ffd742200c33d43d9076f7db79469c01b02ca3c007a01605df9ed02c086c040ffb9042169602c0ff84bcc0364196845808dffafd75faf3f412002a5d733a40270e434500495817420dc08545d5f3efd7e0d47a00ae87fe704161f4899068a903290eedf7503c0c6f21305c0e901f45506347dfefff3fa4b34a9001e42a01acb03beecc58e00e80180f5e59502f0fba78767fd19624bfcff7ed51a57c0829c9e06d0e7913c00098981db0378ffbb81fb09421028edfef7e9d7abda7e321fc063a68122601e2017832c08b000d086cd858076b3d772e800fc9fb96bd9715449a22e6b167759d0b264dd95098a0f6890f723cb3f806bea7fa676a5f992fb9963481e1991119981c984369b56b58dcdc913271e2411839e70cf1f1037904803f828e09471624e6d9707a0f41320c30418f42467a28188a1e041910734dd1208043006709e97cd27e9d60326ec3b180d1852291a43c47303074514809dc08910a0c0b6ebf569f3dd7ef61d98003f5638e02f0ad549346026408da280d6f5e6ccb2f136e02700d5804ca4404d43c18f141a304501b213e8af9f5f364f302886c08c13e029408a42ab00504401a21330defccc48b72402836e086ff84738534e63017a6f208d06c0b431b4f8c51200858058ba05004aa31b520e8435807520e337477303877014409c404bbdf9192d9c170030918308c03f829a3814a0a120c4d780390a909cc0e4cd05cbe544c0848ed2ff8b5472b6a6016e64b50680b013c09940eb86735a0d18dc800c804c259a1442b48a80ac01d5bc39dc4f0094c4fdcfcf80fe73621944762739a90b100d58e106441300dc23c0a5c01ccf9f951a60b281da03001705b00525003a9a26ba064c51c0f3ecbf180a58f1fc59af01a5cf09649ef3904800a285828760142004827642a7d5803e1bc8e54a90e73c24188c170a1e8251001f08a2844e1b0ae6a63b50a6d1003e86987310dccc2ab506b40e0550467f166d9709056b0f00724e913b4f2aa35e262934607e46b070350067f47fffa8d241b38c1e06789c09710339d923105f03c07a489409044942a74c071768c0b79047580f92c509050f4102b0812049e8966980260e081495f368a1a0600237408d22a806d08c7e990668e200218fb0ba0aa4d5801be05e41840274157525a10571c0b75c4e9a1e298f130a4a2650cedd02190da0258df382929007004f34e1dc582a238582220073b348570372279fd196847afd50684016d6800675358cad0103c00da301ec22ea34c0d8b19c0d7ac249270e281bdcd3ec23ae0680d52d1432aa016e51efef056561453de09b7720db69c00dfa87b5c749d85403dc4b386b3460b063d90d78cec1c4014d420db881dddaca7102437f215ec063d404c5cf6ea60125eeed85e300aeaeafd180b1acd30fb3b666963a1af09d2dd580d723210d005403b8253c2b346014f2b14195a801dfc10d26a6b50cea6a145503080044030600def848207c7bb8fffc1b43020f894859986a4013590350732b47030c00ef6afba5c15cdecf151e0fe61c624159d48026ae06dca0f16b40410960f970c5169161b4f41ba5815c54a235c1a1bb522a0d2000b01a406df86fcff299a5b6f707141605dea9067c07771865399d771e5b039aa51a3047020c00fd425b8bd8b9913772581a90059d40364e6d4aa501256a70a7d280b3a401ef0e01ba60f03d630ef9ce82bbcb900cac7e39143c849cc0d0df8bd380379584bf4d0428ac052c1c0a3c8f9fbfbae39b89119cdbc38009f07a241406a05fb8b006f0123e2fef0559314f81fffe7407a30eeebd41b01bccad0280d5400440a1d2802912e096ff498023b2626029d013e0c7d586ccd922024803569940c8093805a1d3a4013c05b8e5a704e82a0a9c06f414207fe5f6078c9d46e7b255640dc000e834207334e04d24c09c0fb81ae01283dd6a6e35985b6702f7f1250150974c3d2073dd408635e0dd470081021c01de3902200d8805c0fcc22dbfc57ac01b1f09d0c56709c0ab804c00e7d356abd9b5261006806a80b92bf02e502063e4fdc27420ed506434e09b2380bb5574ee333a77f44e06c06f9d1b182201c6bf33046029d069808a00cce889e1fac32fb8df169b80eb06d88cfe190c7236cc1280a5809a00390bc04b2f0600ec055d0d68ad740ef9fcf35fec12bec1917dfccbcd08c630304480df1b03e068c050167ea71edf09e4fa23bf080f7f01490adf994fb39bc53366ac494a007e677c55f08dca3debc78f0201cc56f38c7cde2100fbd4106c0b40c6534008e5e8dfe0223f0c9ee3f3306120ffece0d6005002b4c3061136966708e0ed1358d89fa77980f0e4605a00a8c0381a707296ce0ee5a803b840a09f7061118838805ce825b03100c5220a5007702c427346a678e0c7b57fbe7b2170e3383fd201a0a6c09958f173f92f45b8a5f485d393e1d159fe51f58d017009d00e4fcb110a9cb106781c007986980b1fe51e02dc0cb23a1a00370780d221c069785c8c7303d8fe150d6400e9c0441e4f1baa3c31008d4203da8c5db8f3ac01ddf21f356da486a5c6dae16d42c5cd674a0840cd68c0890ab823e41785fddb6d642e8072076f1791ad01008e002d167022e466f9d5ade4faeb3d5a87bf91cce6003004380dcf0cf102de2fff921e626048600e08f522e42712c702001800780a48023e2ce2a20e61b5458250eba93a3100a573ea5f2c05fad210b2ddc9f72f5b7ebba58ca60761be3100ee5651bb3ad82d1b5dfce32b0de47230c3120ac53b3707e0245120b36d773e5ee92098ab3f25cde44e08409b49872be00bc49fba0275abf9ad0128b3937ce444c0570c9ad1aa459912801b93691659eb3b72bb09dcebed236bd0be4f18749c0c00dc458853027b79568c91d0068edb03f0db4f017b795e9f3ea09d5c200ce44e0a40a6a640fe7aaf50ad1bd81e00af1b201458d145b856ba8f3d00a8d41458d34056a70182044403005806644a0ae46b7a89eb34a04e0d40c901705252202f56740cd6698060014901a8a1555260851378ea47b1c209240620535220ff955c03760240ab01014fbf5e03240d4c0a40d80d9c541a106834afd2809d00086b401bd680dcdf305a17074816901880a01b3829660f077b8c172b9c402c006eecf96b2d057c569e07ca3daa5c408a02520310d68053d08ea11b1ab83617c87702209c0d0429d0957abd451fd53412e89e6a1600f8480780c60d4c9d05c4db3f8145561593baf631bb00a02140ebb1e4dad8bf87025a27f0b90b00a1a2106e2ec157fd039180ca099836729b03f0a97403ade8edc73bfdb5ec08544561d33f686b00faf9be858602a7a9d1ac140188c3267493c96402a404c0f414545360b86d4c5bcf32ff7635227c07b19128100900d6cde21923611dc8d1fd01b2d50bf8ad9f2a020ccd6304994a0780db5c3a94164e1b3c7277ab0773ef5f774f7088023e3707c09d30104e0b81191883feafc01bc5b4b5806b2351202100a6716b9bb52f90605e7ebb6ab06cae909d4d7c8a1a900e00aebfb8aa449cdb1b3df0ffd1ebd7de39a89a1d34c01d35a5be4b604f07c2ff932f5efea116205220b1065c6bad1be007d1088de997cd250568f6d380fa51e829d0b2cbdfae1c5a3bb78fda4303f49180bbd8a74c35ab501905081448ad0178d8d41212b4910860b792dd12807992c7295b7fac22005c77d480456e60998350ef1f283ff7d480a62a762540574b68926bc04dd680281458a3017314f0b9290056fbe65d3520f713201a004d2353a0d89302809a486e09c0f5c54820b20600a0d6511b02608d77dd9100758000e900b8fe1914003c58664300ec612ec57e1420c3a576d180a682dd08908708b0850644880456e401e5e7fe1a1021187c3d0cc4ede4f7d180fd28407a896fa9016496c76e04a89a3f4003d607832f13808c96fadc4903aeb00f05e86cb1dd34407f83282e051404e80038dce9a100e0b044039e1428ff08025c9500f86160de1bd280e595c134046035e0723f048e7f4dd7feeff16f6100aea48dfbafed29a021800a00e620081c031ab03a1f78c505d4240f58a0011a04020050e86115055e5300dc467ab9062c385c13a0d03f5651e0b54a0030bf83d92172594f80b0065cd9a632492990ab08f032004b35a081e05384912900789680440180fb261af0cc07b6a540dee5010a0abc0ac0520d584b81763901aa874e030e2934e0ea425f43b1613ef024c01719292369c0611b0df8145a4b25a2c0330cfe7a947f9206745fb5614a081d00b093067cb204d03e3d1085049d057c7dc13e1a706509108302a745047802505e831448a4019ffb52c010e0eb114e07ebf81a5033e23b4ef4d8ea1691214027022102bc980cfa3480cef4b3a007d8e846b121406703210ac449061100406bf1f664af6d28904f00042b022f03209b0000881a00b0c97ea1c1029e36f0086bc025b20674572968c033388d4081939e004f11d84c03caf98c47cef2fa50b0fa8a4281564b80a70d8434208e13b00178fa55c10dd4d02d497a0acc04f8faaa4a27298d040035811980cb5d7003751f9bc470046da0143411c08d04806ce77a310e7228309db6ee01e003c1ea2b16054efe5d411600d40d54b100208705c0130dd60d348698c929505b16f044a0a4b5494810085a007427bc716ea0aa27df9c96023601dc4800280097281a309b4017571cc12540fda847df1c8702ad8a004e24509389682f17c505006a0380eb06aa7961d2520013c08d04800c05fc88ab01350c4ed121c0bc3049294008e044020f0c402c273001604ec8b801b07e18acad0e7a484008e0d404ba40b58c018060024653dc8a7c077cf5982800c9284009d0d7c5b0066000ee5135601055371b80eaa90c0fcb08125120e700c0bfa400885d119c4da0863137a204f8cff33d56881e89022d7337805e3f894ac0a640342730020013002402af3e3a002c1d8424147009d05f2fbe4d7d8c02006f02c3f96e34148447ff57b0162609055802604502b8cd36b022196601a827004a1a05f434b17e1e448a064e21027c90a804ecc188b13281d1046ab0f04051c0e5ee50e09145270147800ef7a6b435c04adea339810100b000c0d26b9886f2b4f8146009d06b0faa4a5c661b5801006b02934501102730fdddfa71d1758021c087219e45c8ce4c4700d604c21400409242dcc004f4d1fe8950c58d061c023cccf7de10050c0065dc4c60a88ad66097c96d024cdf8353d5b81470a3e0e17b9123e856e93850209e13300080054079c5a04fefb357a852741e5ed2878825400fc0fc7bfa8b8e00007767c4be4edb0df451004781a72b2834d6ada2804880fbf1e90aa704b536ba58ae0d8419006c8b426ea0029b2a7891fc3ac0f51290de27126020c1140a7e4c45dc6899803181daba4edb0d0c510047017f62f85b6c28c11200040298df3751c014ed60651cc401001800cb09a08801e83a550b4a3e3e025432012c0a9865ef6d609517644cc05614db0d3c00bfd3f9a1302f64b8e62737a3f310c0a28059a79b01e01255033000f3364df23554abba84adb2963c7ceb476841557908d0b3deb4941b008068f7054713a881de2a72a280e1977c3129ebf28d60b4bfd01d3c043046d0df1934c8748488e8041c002c3750d3af7128d09bc1a530e3665e7c44bc0b6f2a0f01660a4402c0c9861a0cf9bc55db915a9702dd82e19171106c1449bb6a75dfe923c04401f37bba60705532eca6832e00b3df0d51a05bb34b37828e8c8ed3bf3a6b9e29f0e016d7244573ddb28c570d30f03aaa38c5de0a0a7c3deca1f3840c9a173a2fb00e0e6ce737a21689000c00e5d85190299f3014b814dcec41c5ab1b679ee5fdc54c3b6304ebee11180038ae04c03df7c5ad108c8197820270e446c8a241f539644526bd86cc7f2480b49105e6850758950c6b0030811707b3438187337f701a23ad7b0db7a42a73fdd2d24ed662fe7d8faa01ce770d9d853f0e0a0aa0e9833c01fcaf1ca6f33e3c57363a8cff97776d3b72a340b41be503da8cf20e9589e63991f63d3b8a94e7e453a248fdfb6bc017c01494a170b7b358bbd26aa7bbe1d4a9534581c1d1e1c2aa0189d9815f0c8a3b9208010d04180198a4cd8c5f65c57aa9db3579c06644af897d53a92c2039233092df448049059d972b4e6a9353c1e4ceb97fd00957b88fc5dc35dc44805104d43ce979bd7c7f8ac7860174be1150600c01e920b007003874742459cc961cfc45923104402301461f38160062a118f7478f02bf460240230166157c220a88c28c7ba5c04800a91a0930a542cff4bc17269c0b057e610ab08f0247c93f5903be9766dc33054602e8741ab83313383200d054305f759c2880ce027612610440c25351e0bd946d5b0aa46601f2e65f484da501c0004fa502c59cc4ee17406701f609aea60ec7bb2189b9bd583d93065c8ad3ade9f2695df4feb0f8b3f97b47921180e37ce0c21428009d055c933abfb6e0de727d3d3c1be2ca97b169e02d27f633153c9d08a644e779fecd280021ee5b22f87f2d99ab1c4710a039fe6ff871220d804c0e50db1e550f20cb5e5847d4bc049810787d5eaff7cd33f6b431f97b20020c0018ae0efc0438c80b6a11802552432f021c85403500cbb204dcfa10c021f09c1af00633d1ae000008bc494441540ef3128e59feed45802310a80540db6cd5ae7a8eddec450087c0336a80b0f39579fc9b291d1b018e40a0168029855d7bda8500cfaa03ef1300f12a2f3f017ae7032d1ab01dffd085025da361ad0b98b103b2cacf4e81be08d41640b23dbe4dff3022004fa40091fa0d181198115097a87d607181a999fff876a116890174a9cb9c0498cb26975cc3fafb2df9ffeb1bd0c6cf4b80a5847679741340e33f3701d6dad9330c5f137a7be50760aea33e6cf8cbde57dbf4d1045821508fb33dd1fc7d08f03829109018be7c000156081ec17cb2f57b12604d8b1e607d7a0f6f43df268f1302b1d7f60710605e37396efc7a67f76e99ffc334513c080151337c9c169cd582431010fb3cbf440bde5a81ec2f03c1f8759bf777a817f64720a0bf261a99627cc68271eff83fd0f29ec0cc0718ff100444e8ff92eae38754090f700211eb9f248a3c851484a689081c2300c51eb11b99187cfb39c136fe6b4d8cf13c005c1feb04629b00484d8bf03ccd6d3979981324c69fd1801e120f9af87d7d9c2099004b628ce7014011bfaf8b13a42700694e2ca6d7dc1a4024550704447a06b06540b0356cde28c6347308de3d28ae9b1d31fead0a5e75b01d5c736a8084ab144412702380cd006300dce66eef15714e0d90f60c029ab230d7878c00a4439ec6a4df6cf4be02ab0618f347afa01d848030e32f01b0bc10329b5f5d042b01c631dda4ba843b908f41c038801c805eda31e61f7f5c88815703462f187b236839065f7dc80980066a61c7eef2779f64cd03669b469b50bb7340b80c00052030be74ef02b9df15bc79c062d2781b6a6704a60c282d02b7adf90735338f5d036660c38de85d3920d41c015300a45e04bb0ecb6f02f7d630b590f24ad70168ce80747aee7b4b991f941e965fe44d043d002eb047079a4820d629802f02c94da0d319412b00a099a783caf74b22091a578ec59a024ac814744d066063ffd8b7b597dc7b033d536ede47e8b46c2ad639e002407a0fb0317e2c9fbd34c059865a73682b90789360c8987f5862bf2fa0432f0d7008506b0e0b00357b49c259d03563fe0dcc4270978420ec19756d611ab37736d92e1f282ce72cf2bffda866df1f1cd986a803ae6fe1f16c352280be0432ca7f8a58cc89a07d7b388e502412d8ceb980be9c55a8f60370cbc87ff2fbd835200260ec1b8902d2cd20c0bbb5948e809707e4fc3ff96ddc416003c036145cd18f09888fac5444fb4356fc8dfc631e05d51a80987403c025f17a1a02007c8aaeae25e98049831c00b96320b06f82dd41a0f096d116003b532b91c0743024803baa1648e37f91ce0770f947bf67930852f609e5f60dc82d6dad8b1628607a08a95b8b14c5ffbf4c004cfeae63ffcfe01869406ca0eb8e070580100aec4875f2e85a7ce453dcf864bd457b153f15cb3fe43288d524b7c627910a7af5aaac0e18b28b4fc31e0a588d34c69d7cc5339728a57f0100b341aecd0f0e80abd8654860752c7d7ab12a6c84b572a9ccf7df121450052515fa36f03d38000e019c02e33846377e495200e9fa943039b154c2175ae97b7f5e45fc44908902e91f14214937a163f47fd0bb28e022a59e4012c1aa28ac8596828a0689603f0d58b3b534093ec267ecd47294020e206daf7650d1841086e5cc9ff2447a35060f05b0df740820ba013f336798a7bf6f39ebdf41140200d4d9040415411e0d80ece27d8a02d2de6f801e5c9f1ec572cabf0360f501491ffe9a08d6c47d44032414b62f6c3f232173b78144c6b15ef660473a0220a3e3de49a5946d22383d3a594f20688084fc068ec4a7820b2e1237996734c05ef4f015e25202b9980071f2e7e70f5388084e0c2b532003c0c481f833268fcd500019cc7adfc78b8c00d0925e4cdb18305e3f5ccf14246a8084e21e8ee85330df809aa60002807fd387f381f1df737ebca396b695e4660d502504a24fc17c0f327695b5ca6bc02894b5cb2a7122d8160af28980bf8a1516ab204f010451ffd61f590f40ca886d7381a1907b6e74c09c4897bbe40601c0bff1474235001bb9af2501b23280beceb17ed224b29f01a7001206fc6b9fbe360070652581794a0ee95e685affde980fa640f03375a9551a00ffc2a70606ccfb8518958052c4f1ea84160091bb041701c0bbf5ab1a80d110e899e2d514202421f30b9d5310b0a0e097e0fe82b406942022258212bf58a29602147378eff34f595be62a6c4c035688aac3200c322fea3514a0a52171d26e0a4208051017f021aa07400d37ee87ea90e1a465c905c81ae0fb483500f23ab03f7445f2276d02a7401a808f0c41e0923d56befaa9b30798f2565a03544103ea3757a0874ab73ca20e00b1e602711050050da89f0a28e84080dafed812773208a8bc06c87a0072a78a365040d5f60652779a220467c802126bf70fd4004b814fdb8b6db18ad04a805fd57b0cf1bb459a9efabc0cccda404400b426b812a01e0025558730a0a0de25b7a1001bdf0a50fd063b616b7f9a3f0cb46dfafd121200f9360602d88290e2d701d960928d0ea0e36320802b0849f1b854309d1c7a3af0052f703310605d19e40e0397360460ad76e2e32b0144d4802e7940d3ee7f37435af608a1dff53201d4f25b973e04902dac8c9778d0af9a76d034fd94e842806b2300fe2960996f72fbe81a7fa90b0186a1b15b1e09325f347c6578d9a88f060cedef028af20a27cbeb667d08200f392e8c63fc5d34e0a8430319c6df4103a43aecd044965fe18effeec2facb791a342f05afeb07eb65f5271a7f620fefae85e06557ccbc8904deeebfcf03c07cda74bdf187e80abebb690ce27420035cab337db42de93eb51301e09f3bbcefecc068ec23f3d7762e1178fbed1dbf5b7ebf0f12cd1fbc69bf4f1506de6c8fabdb3dd17e9fca07de66daee6d6f77b49d0a00df755bccfe17009001e1edbeab9d4805cbd6ac692752c1bdb6a502a0fedf009c4704442f00e03c1af827784a8df877e701e0fdfe23f9c4adfc17e7148157f873af7bfe1200dedf7edc6b9fbf4205e1f5de8702271101019d0870965448bcbef521c05944c006015ce8eb097016003e403aca3713e02c22b09d0ab198ffcc009068f0f7cc8732338106e39f0780e25468bfe10ff481ff00f7b01c444912787e0000000049454e44ae426082),
(7, 1, 0x89504e470d0a1a0a0000000d49484452000002000000020004030000000656c9c900000021504c5445ccccccffffff000000ffe400474747cab400ffb1db793bb6cd2d00c87aa4ff653927def649000020004944415478daec9dcf6edbb816c6652fb236651828ee2a24eb007769097e81a2f300768100b32b0c54815f204096dd05dd4f022fefae8f794989ff4552a44d5199da2266269338b2f8f177be7348517181aefc286e02dc04b8097013e026c04d809b0037016e02dc04b809701360ec03b44779a50200e528af4f00601ce575090001f8a80a1413f5ffc328504cd5ff8fa2403159ff01b812019cfdff18088c2f00701f572100f408505e8100befe7f08048ae902e02a04f003f01162a09812808f80403125003701fe7801c0950b006f020c1de59f2d00b872018601f8c343e026c0b50b006e02dc04489604f0bf50009850005cff99024cdfff7f89007517507f9c00a1115057ec64e5750a400360b4d2395a00321ab9e782028031a2205e80bace2c8002c00808440b8083158089224005203d02b10294148130091209501301469c4017b1c6d62210a4409a0541f276fa992617a043a0be5c80b300488e40a400f4fd71a0024904e801901a812212002010a82f1520180038e6325abc0002816a18978b05c0bd08488d401119013108248880ba1f01530a00d9fbe330051245c0b84bc96708500a04aab105a01688c65d472aa223408981fa02173c3f02a613008a6bc74108c0512c30710c9c27401802303d0033d2d22250c447801a03d5b9265086f55f0360d1b6e90480cad5e34b05089c776a02cc584b1a036709106a831703a045c042b48904e8062106818b36895a01e0ff9e4200c8064117a03e4f80b300e864bba75f4d25c08c2370690c8401605d0998d36b28271040b3e1c018b820026a3502ca7bd8fe4ed3340744af610201a0b0611d81b34c20160034a7df7b68e881da6b9844808596892f89816800c8c0a3a63b0e905e437e01b43c7c611e28c300a80400778d3c0e905e433981000b3b02670810d67f1901f78d2ac07dd24aa0088f80990381f818080a00250254008809b4d7905b00158045a0006bdac02a3e020c00160fba008b949540b800330381e118d8a35d49fe017bf2158c06a016f4cc69b78f2721407b0d655e01a006401802edf07718988b8a210088085820430098b21208166006e61068b5c0d0e2e85e69ea510602c0a1993f9802a4ac040205a0c3cec66f01eee1222006d64a8b3aac0034a793cc83206125102a0001a0e1abc2733403213708c8d0e36f356d75f01dd53e00338b00092b81300168d43d906aac2bcb908980d303ea2d69eab11d8602eb16b8281ffa025004f20a306b23918e0a79df660e75041c0068c34f8feeffedce6000202260d617a04b495905609148b527fdff4e8ab18018c05b0d80add23c18603d0248ac379d07aa0224ac044205983d746fddcec90e73be38eb8901ac0dff37a3b93010a9552c03d9046811c82800e491c8e6a4df91b12a60edbf1afddb7eb3bb014f2c020016014400990741c2341028c0acecc4ffaf3a27f7c500ae7bb1df6b1608c41c5b548edd1bb7029c4e6fac104898068204a0b9bfbb8c6377092c0d006959befe6f5dad322190536ca05701cdd3492a7020af4c36210c136006eeb4404470e68d01ec1b7837044232b112d0794f9b045404ba95c16c0274558026c03d5f15b0c6005686d98b8080c0a0460250da04602e944f00362193021cbcf3012c8778c0052404a5da7f1901cc7b84008d3225cc2780528f9fe4ba9cb314c0faf0d76110a8ae21570200d204908b02d485ca7c02cc4c019040a03727d68bbf8064d042402a034b04cc008b80e3cb495b14698bd17c022cca7b4300ee01fdd5e175ed3e3c10a8c05412006e014f22fa9907d062349700b40ab86302bc8962cc7597f05bed3b86d2823111e45540f36208707748b52e1824005f95932ecc4ac1fe5e816ded3fb6de66ac04006e014f474380e63b4c94068a100b608b32aa0096bb84356a6379e8f02280d508988908389e0c0b68e6a9d2401191049a7729004f03dad260b702509f0f41d5ee0b5300e002bc1b027413d232970033746712c04a413d06ccf97f3404152909590450c4e63c09f692c05d3b21cd230094b7661401441a0025d28736e47021b0167793d84690c69e045829984f005e08bebca9eb727a0c98c5df5910b4b302b11d8447402f09300fc826004b0247e901a2141431b08d00c00341c5ef1ee800f492c021d54691222209102f7e6e6429a8ec19ab6201706350895bd1528093444ff3806c02b042f0787a7f6bcc52b02d875134002e0c5839d19e5d44c0e9bd9706bb45a96c02dcf53c409482ed65ecf13900d830e00a4005009a04cc18e8ee4de410002ab767df4fef4daf142457ba46e701d047a15614107b42bae5209b07949904988b558967753e2e3c605f9f0f80f568df5844004902a600cc033209b040df792cbe3d899559391b58d7dbfa52042c0a2800bc9fcc18e83c2017017c8f0ef1806765a70e7780de742e91028280d34b4f80ce037208a0eed1a11ef024d200efff363d00ba02c7f7932900f3009049803977e3d34bf32cef50b222600c0034058e2f6fa609300fc824c042cc49de4f4f8d2ec07a2400540548df8fbd348016209b0025f700928f9f1902ac14542a80c400280ad804607b14c61700ca42b0b563dd03ca351e0d00a90009ffa36102f93ca015c0e2010dea00a8c703402840bb6e0890cf03a0ea015a29d85600a302a0fb809106d022cdf36341043cdc89928c7b0015608fbe8d0b80a2c0d11040ec53caed014a29b8d24ac05100900a182ec83d607c01f4bdba47590a22980300c5093501b807e41140eed57d523c609d0500a1c071220f00ca64907ac08bd8a9130b4075692e6826f100a07940234bc11fb1005428cdcce841de17489107e33ca04d03dda19780df427a819328d07d2137aae5f680b7330140b844753a05f846b5b10580ba073c8b55c17d641188d0a6bc00015581035296a5b308a07800af477ea055d43410a12558a2840ae4f200687800af47f6306a1a484eb4011bf54ef2450a90ff1e504601d46776ba9a9c0010330b20e72100806599480182405601e68a001481470a408403d0d36c4087004ea2007ac829c042dea16811f8e7ed47f3232205905e8325e008042b5061f75af1011d527d78619007ccd51aecf8f7db63135103b0f8ef5a15a100f2ac9623985380854a40f3e3f44f135103f0f8670d052b50d95e5831050e289300dd635b9a008fa7bf0fe100c8f8672d5401da55c7b709ffc485f209a07b0089ff0800e829965a2bc314201d5d5a5fd7edc6a3cf24e62340f380c7e6f1103afcf46237c068610a90b7ded89366ab002944613e01540f3001f0cd72e9a52e41af85285051e770d5cefca9e4493cc004c063eb552ffe652a1850a042cc2f9c67de57fb7c1e00900ac041030021cf5562b0b4b641062acc5286fdc77473f9962190418099520a1200506f470f76d81fdc00471b50800100ac99b07be48cee29cc2500f180071700749a679de72323ff47f9408545d5e0d9558456b9049809014c00c858d10a1fdbec0f828da7f97ca042f255d8bda308ed3209b090dbb53400ba9deded4085d97fa80f687307cfb63298cd03a4002a00ddc66ecb40b5bfb8196a4e052aa576d005301f3edd651160a17a8009802d5651bffc73fa00f202405f83ddbb0ad730bf07580168235a0bff0d08699555814a2b1ed517f49e3f86bb4c1ec09f5b3000a89012d1ca13947009c29a9501bd7a50c2c4f2a4512e0fe0b3210300d5e891fcb3fb61c32f7cc050a082e62b3c08e4f20026801b008640cb74e8f08bf5015d01f3f7951f5b1e40cfe4014c001d804acff4250ac8fe96662850c11e24d8b9b99ca681328b07200b00a6d5b7afc76019db740590c5273c7f8320d75c000d02d01a368a1d7efe7bc809004504bb9e2ea0954096b9405b09e90054fd5c5f9e31fcc207b003007555606bab04b278402b800e4094d987f8007600a0ac0a58108079ea002a8009c0b9c3edf401ec3a2bc7c3facc711602da525003a04a0a00f301ec386be546a0da67f280121100b0ba0a901400e603aeb37a1040790820023c1ef62302c07c00b9e60cfcc944735b0aa9043209b06ec605a0f301ecc443fc25b25e1ac824c05e05008d0040eb03d0f913ea901899db52682590e3de20a09b42b1ba103c0200a48ef0ad1c88bb01bdbf3f9245809d227d3512007e38688a40bdddc90910081260a53c18e25bef1fad95edc7ee6ad7c1d34016017680dbefbec6130020e7193d04d03e930708c1cbd8197fa214d12e33ad8c475412201026800000c13274c52f692bbb04b1eb2190c903240070020750da0a9908acc715001900a0491c40b65d691683fb0c028847435a0798128065ef3195b13da01540c45dfb4cfb94006cb48a44fce199910510a2d365e07262002c087c6d2ff4abd6920a200140c4863713374b1af83ad8ce16e033d200802b1075d3078d8180590cae0304f0b4e1c7e674007611b77cd039f709e211f87c9102858f91afe80b24c59702c02a0a00147aa3380601b31844e832011cb1c2bf03775cf0aa03601776db174a0946ae04aafd8521e07fc19a03507700ac40d87d7f751b231eb912b84c00ffcfbf409e7749040401506a4b499d04a356027b94c2033c08b088ab5007c06a7885bfff11698911489906864240c8bd6700ec8687dff2a942214bc2a189236d1a280201d8b69f18340080adfb9d02437b068d03e74b0343212027821c809df7f60e747cb2d470c58082313010b82c0d0c08f0979808720056de9b3bce0f578383f50232f6bbc03c69602004d489e0000076fc651078861fda3f89cb5d09244c03c51000984f04575e044a5fff5b055c9ee1f968691886c0881e400040ea3cc08d00ebc9ebff9c9fb169ff1de4fd504e387e1a28821c4094812e0078ff7ffd742200c33d43d9076f7db79469c01b02ca3c007a01605df9ed02c086c040ffb9042169602c0ff84bcc0364196845808dffafd75faf3f412002a5d733a40270e434500495817420dc08545d5f3efd7e0d47a00ae87fe704161f4899068a903290eedf7503c0c6f21305c0e901f45506347dfefff3fa4b34a9001e42a01acb03beecc58e00e80180f5e59502f0fba78767fd19624bfcff7ed51a57c0829c9e06d0e7913c00098981db0378ffbb81fb09421028edfef7e9d7abda7e321fc063a68122601e2017832c08b000d086cd858076b3d772e800fc9fb96bd9715449a22e6b167759d0b264dd95098a0f6890f723cb3f806bea7fa676a5f992fb9963481e1991119981c984369b56b58dcdc913271e2411839e70cf1f1037904803f828e09471624e6d9707a0f41320c30418f42467a28188a1e041910734dd1208043006709e97cd27e9d60326ec3b180d1852291a43c47303074514809dc08910a0c0b6ebf569f3dd7ef61d98003f5638e02f0ad549346026408da280d6f5e6ccb2f136e02700d5804ca4404d43c18f141a304501b213e8af9f5f364f302886c08c13e029408a42ab00504401a21330defccc48b72402836e086ff84738534e63017a6f208d06c0b431b4f8c51200858058ba05004aa31b520e8435807520e337477303877014409c404bbdf9192d9c170030918308c03f829a3814a0a120c4d780390a909cc0e4cd05cbe544c0848ed2ff8b5472b6a6016e64b50680b013c09940eb86735a0d18dc800c804c259a1442b48a80ac01d5bc39dc4f0094c4fdcfcf80fe73621944762739a90b100d58e106441300dc23c0a5c01ccf9f951a60b281da03001705b00525003a9a26ba064c51c0f3ecbf180a58f1fc59af01a5cf09649ef3904800a285828760142004827642a7d5803e1bc8e54a90e73c24188c170a1e8251001f08a2844e1b0ae6a63b50a6d1003e86987310dccc2ab506b40e0550467f166d9709056b0f00724e913b4f2aa35e262934607e46b070350067f47fffa8d241b38c1e06789c09710339d923105f03c07a489409044942a74c071768c0b79047580f92c509050f4102b0812049e8966980260e081495f368a1a0600237408d22a806d08c7e990668e200218fb0ba0aa4d5801be05e41840274157525a10571c0b75c4e9a1e298f130a4a2650cedd02190da0258df382929007004f34e1dc582a238582220073b348570372279fd196847afd50684016d6800675358cad0103c00da301ec22ea34c0d8b19c0d7ac249270e281bdcd3ec23ae0680d52d1432aa016e51efef056561453de09b7720db69c00dfa87b5c749d85403dc4b386b3460b063d90d78cec1c4014d420db881dddaca7102437f215ec063d404c5cf6ea60125eeed85e300aeaeafd180b1acd30fb3b666963a1af09d2dd580d723210d005403b8253c2b346014f2b14195a801dfc10d26a6b50cea6a145503080044030600def848207c7bb8fffc1b43020f894859986a4013590350732b47030c00ef6afba5c15cdecf151e0fe61c624159d48026ae06dca0f16b40410960f970c5169161b4f41ba5815c54a235c1a1bb522a0d2000b01a406df86fcff299a5b6f707141605dea9067c07771865399d771e5b039aa51a3047020c00fd425b8bd8b9913772581a90059d40364e6d4aa501256a70a7d280b3a401ef0e01ba60f03d630ef9ce82bbcb900cac7e39143c849cc0d0df8bd380379584bf4d0428ac052c1c0a3c8f9fbfbae39b89119cdbc38009f07a241406a05fb8b006f0123e2fef0559314f81fffe7407a30eeebd41b01bccad0280d5400440a1d2802912e096ff498023b2626029d013e0c7d586ccd922024803569940c8093805a1d3a4013c05b8e5a704e82a0a9c06f414207fe5f6078c9d46e7b255640dc000e834207334e04d24c09c0fb81ae01283dd6a6e35985b6702f7f1250150974c3d2073dd408635e0dd470081021c01de3902200d8805c0fcc22dbfc57ac01b1f09d0c56709c0ab804c00e7d356abd9b5261006806a80b92bf02e502063e4fdc27420ed506434e09b2380bb5574ee333a77f44e06c06f9d1b182201c6bf33046029d069808a00cce889e1fac32fb8df169b80eb06d88cfe190c7236cc1280a5809a00390bc04b2f0600ec055d0d68ad740ef9fcf35fec12bec1917dfccbcd08c630304480df1b03e068c050167ea71edf09e4fa23bf080f7f01490adf994fb39bc53366ac494a007e677c55f08dca3debc78f0201cc56f38c7cde2100fbd4106c0b40c6534008e5e8dfe0223f0c9ee3f3306120ffece0d6005002b4c3061136966708e0ed1358d89fa77980f0e4605a00a8c0381a707296ce0ee5a803b840a09f7061118838805ce825b03100c5220a5007702c427346a678e0c7b57fbe7b2170e3383fd201a0a6c09958f173f92f45b8a5f485d393e1d159fe51f58d017009d00e4fcb110a9cb106781c007986980b1fe51e02dc0cb23a1a00370780d221c069785c8c7303d8fe150d6400e9c0441e4f1baa3c31008d4203da8c5db8f3ac01ddf21f356da486a5c6dae16d42c5cd674a0840cd68c0890ab823e41785fddb6d642e8072076f1791ad01008e002d167022e466f9d5ade4faeb3d5a87bf91cce6003004380dcf0cf102de2fff921e626048600e08f522e42712c702001800780a48023e2ce2a20e61b5458250eba93a3100a573ea5f2c05fad210b2ddc9f72f5b7ebba58ca60761be3100ee5651bb3ad82d1b5dfce32b0de47230c3120ac53b3707e0245120b36d773e5ee92098ab3f25cde44e08409b49872be00bc49fba0275abf9ad0128b3937ce444c0570c9ad1aa459912801b93691659eb3b72bb09dcebed236bd0be4f18749c0c00dc458853027b79568c91d0068edb03f0db4f017b795e9f3ea09d5c200ce44e0a40a6a640fe7aaf50ad1bd81e00af1b201458d145b856ba8f3d00a8d41458d34056a70182044403005806644a0ae46b7a89eb34a04e0d40c901705252202f56740cd6698060014901a8a1555260851378ea47b1c209240620535220ff955c03760240ab01014fbf5e03240d4c0a40d80d9c541a106834afd2809d00086b401bd680dcdf305a17074816901880a01b3829660f077b8c172b9c402c006eecf96b2d057c569e07ca3daa5c408a02520310d68053d08ea11b1ab83617c87702209c0d0429d0957abd451fd53412e89e6a1600f8480780c60d4c9d05c4db3f8145561593baf631bb00a02140ebb1e4dad8bf87025a27f0b90b00a1a2106e2ec157fd039180ca099836729b03f0a97403ade8edc73bfdb5ec08544561d33f686b00faf9be858602a7a9d1ac140188c3267493c96402a404c0f414545360b86d4c5bcf32ff7635227c07b19128100900d6cde21923611dc8d1fd01b2d50bf8ad9f2a020ccd6304994a0780db5c3a94164e1b3c7277ab0773ef5f774f7088023e3707c09d30104e0b81191883feafc01bc5b4b5806b2351202100a6716b9bb52f90605e7ebb6ab06cae909d4d7c8a1a900e00aebfb8aa449cdb1b3df0ffd1ebd7de39a89a1d34c01d35a5be4b604f07c2ff932f5efea116205220b1065c6bad1be007d1088de997cd250568f6d380fa51e829d0b2cbdfae1c5a3bb78fda4303f49180bbd8a74c35ab501905081448ad0178d8d41212b4910860b792dd12807992c7295b7fac22005c77d480456e60998350ef1f283ff7d480a62a762540574b68926bc04dd680281458a3017314f0b9290056fbe65d3520f713201a004d2353a0d89302809a486e09c0f5c54820b20600a0d6511b02608d77dd9100758000e900b8fe1914003c58664300ec612ec57e1420c3a576d180a682dd08908708b0850644880456e401e5e7fe1a1021187c3d0cc4ede4f7d180fd28407a896fa9016496c76e04a89a3f4003d607832f13808c96fadc4903aeb00f05e86cb1dd34407f83282e051404e80038dce9a100e0b044039e1428ff08025c9500f86160de1bd280e595c134046035e0723f048e7f4dd7feeff16f6100aea48dfbafed29a021800a00e620081c031ab03a1f78c505d4240f58a0011a04020050e86115055e5300dc467ab9062c385c13a0d03f5651e0b54a0030bf83d92172594f80b0065cd9a632492990ab08f032004b35a081e05384912900789680440180fb261af0cc07b6a540dee5010a0abc0ac0520d584b81763901aa874e030e2934e0ea425f43b1613ef024c01719292369c0611b0df8145a4b25a2c0330cfe7a947f9206745fb5614a081d00b093067cb204d03e3d1085049d057c7dc13e1a706509108302a745047802505e831448a4019ffb52c010e0eb114e07ebf81a5033e23b4ef4d8ea1691214027022102bc980cfa3480cef4b3a007d8e846b121406703210ac449061100406bf1f664af6d28904f00042b022f03209b0000881a00b0c97ea1c1029e36f0086bc025b20674572968c033388d4081939e004f11d84c03caf98c47cef2fa50b0fa8a4281564b80a70d8434208e13b00178fa55c10dd4d02d497a0acc04f8faaa4a27298d040035811980cb5d7003751f9bc470046da0143411c08d04806ce77a310e7228309db6ee01e003c1ea2b16054efe5d411600d40d54b100208705c0130dd60d348698c929505b16f044a0a4b5494810085a007427bc716ea0aa27df9c96023601dc4800280097281a309b4017571cc12540fda847df1c8702ad8a004e24509389682f17c505006a0380eb06aa7961d2520013c08d04800c05fc88ab01350c4ed121c0bc3049294008e044020f0c402c273001604ec8b801b07e18acad0e7a484008e0d404ba40b58c018060024653dc8a7c077cf5982800c9284009d0d7c5b0066000ee5135601055371b80eaa90c0fcb08125120e700c0bfa400885d119c4da0863137a204f8cff33d56881e89022d7337805e3f894ac0a640342730020013002402af3e3a002c1d8424147009d05f2fbe4d7d8c02006f02c3f96e34148447ff57b0162609055802604502b8cd36b022196601a827004a1a05f434b17e1e448a064e21027c90a804ecc188b13281d1046ab0f04051c0e5ee50e09145270147800ef7a6b435c04adea339810100b000c0d26b9886f2b4f8146009d06b0faa4a5c661b5801006b02934501102730fdddfa71d1758021c087219e45c8ce4c4700d604c21400409242dcc004f4d1fe8950c58d061c023cccf7de10050c0065dc4c60a88ad66097c96d024cdf8353d5b81470a3e0e17b9123e856e93850209e13300080054079c5a04fefb357a852741e5ed2878825400fc0fc7bfa8b8e00007767c4be4edb0df451004781a72b2834d6ada2804880fbf1e90aa704b536ba58ae0d8419006c8b426ea0029b2a7891fc3ac0f51290de27126020c1140a7e4c45dc6899803181daba4edb0d0c510047017f62f85b6c28c11200040298df3751c014ed60651cc401001800cb09a08801e83a550b4a3e3e025432012c0a9865ef6d609517644cc05614db0d3c00bfd3f9a1302f64b8e62737a3f310c0a28059a79b01e01255033000f3364df23554abba84adb2963c7ceb476841557908d0b3deb4941b008068f7054713a881de2a72a280e1977c3129ebf28d60b4bfd01d3c043046d0df1934c8748488e8041c002c3750d3af7128d09bc1a530e3665e7c44bc0b6f2a0f01660a4402c0c9861a0cf9bc55db915a9702dd82e19171106c1449bb6a75dfe923c04401f37bba60705532eca6832e00b3df0d51a05bb34b37828e8c8ed3bf3a6b9e29f0e016d7244573ddb28c570d30f03aaa38c5de0a0a7c3deca1f3840c9a173a2fb00e0e6ce737a21689000c00e5d85190299f3014b814dcec41c5ab1b679ee5fdc54c3b6304ebee11180038ae04c03df7c5ad108c8197820270e446c8a241f539644526bd86cc7f2480b49105e6850758950c6b0030811707b3438187337f701a23ad7b0db7a42a73fdd2d24ed662fe7d8faa01ce770d9d853f0e0a0aa0e9833c01fcaf1ca6f33e3c57363a8cff97776d3b72a340b41be503da8cf20e9589e63991f63d3b8a94e7e453a248fdfb6bc017c01494a170b7b358bbd26aa7bbe1d4a9534581c1d1e1c2aa0189d9815f0c8a3b9208010d04180198a4cd8c5f65c57aa9db3579c06644af897d53a92c2039233092df448049059d972b4e6a9353c1e4ceb97fd00957b88fc5dc35dc44805104d43ce979bd7c7f8ac7860174be1150600c01e920b007003874742459cc961cfc45923104402301461f38160062a118f7478f02bf460240230166157c220a88c28c7ba5c04800a91a0930a542cff4bc17269c0b057e610ab08f0247c93f5903be9766dc33054602e8741ab83313383200d054305f759c2880ce027612610440c25351e0bd946d5b0aa46601f2e65f484da501c0004fa502c59cc4ee17406701f609aea60ec7bb2189b9bd583d93065c8ad3ade9f2695df4feb0f8b3f97b47921180e37ce0c21428009d055c933abfb6e0de727d3d3c1be2ca97b169e02d27f633153c9d08a644e779fecd280021ee5b22f87f2d99ab1c4710a039fe6ff871220d804c0e50db1e550f20cb5e5847d4bc049810787d5eaff7cd33f6b431f97b20020c0018ae0efc0438c80b6a11802552432f021c85403500cbb204dcfa10c021f09c1af00633d1ae000008bc494441540ef3128e59feed45802310a80540db6cd5ae7a8eddec450087c0336a80b0f39579fc9b291d1b018e40a0168029855d7bda8500cfaa03ef1300f12a2f3f017ae7032d1ab01dffd085025da361ad0b98b103b2cacf4e81be08d41640b23dbe4dff3022004fa40091fa0d181198115097a87d607181a999fff876a116890174a9cb9c0498cb26975cc3fafb2df9ffeb1bd0c6cf4b80a5847679741340e33f3701d6dad9330c5f137a7be50760aea33e6cf8cbde57dbf4d1045821508fb33dd1fc7d08f03829109018be7c000156081ec17cb2f57b12604d8b1e607d7a0f6f43df268f1302b1d7f60710605e37396efc7a67f76e99ffc334513c080151337c9c169cd582431010fb3cbf440bde5a81ec2f03c1f8759bf777a817f64720a0bf261a99627cc68271eff83fd0f29ec0cc0718ff100444e8ff92eae38754090f700211eb9f248a3c851484a689081c2300c51eb11b99187cfb39c136fe6b4d8cf13c005c1feb04629b00484d8bf03ccd6d3979981324c69fd1801e120f9af87d7d9c2099004b628ce7014011bfaf8b13a42700694e2ca6d7dc1a4024550704447a06b06540b0356cde28c6347308de3d28ae9b1d31fead0a5e75b01d5c736a8084ab144412702380cd006300dce66eef15714e0d90f60c029ab230d7878c00a4439ec6a4df6cf4be02ab0618f347afa01d848030e32f01b0bc10329b5f5d042b01c631dda4ba843b908f41c038801c805eda31e61f7f5c88815703462f187b236839065f7dc80980066a61c7eef2779f64cd03669b469b50bb7340b80c00052030be74ef02b9df15bc79c062d2781b6a6704a60c282d02b7adf90735338f5d036660c38de85d3920d41c015300a45e04bb0ecb6f02f7d630b590f24ad70168ce80747aee7b4b991f941e965fe44d043d002eb047079a4820d629802f02c94da0d319412b00a099a783caf74b22091a578ec59a024ac814744d066063ffd8b7b597dc7b033d536ede47e8b46c2ad639e002407a0fb0317e2c9fbd34c059865a73682b90789360c8987f5862bf2fa0432f0d7008506b0e0b00357b49c259d03563fe0dcc4270978420ec19756d611ab37736d92e1f282ce72cf2bffda866df1f1cd986a803ae6fe1f16c352280be0432ca7f8a58cc89a07d7b388e502412d8ceb980be9c55a8f60370cbc87ff2fbd835200260ec1b8902d2cd20c0bbb5948e809707e4fc3ff96ddc416003c036145cd18f09888fac5444fb4356fc8dfc631e05d51a80987403c025f17a1a02007c8aaeae25e98049831c00b96320b06f82dd41a0f096d116003b532b91c0743024803baa1648e37f91ce0770f947bf67930852f609e5f60dc82d6dad8b1628607a08a95b8b14c5ffbf4c004cfeae63ffcfe01869406ca0eb8e070580100aec4875f2e85a7ce453dcf864bd457b153f15cb3fe43288d524b7c627910a7af5aaac0e18b28b4fc31e0a588d34c69d7cc5339728a57f0100b341aecd0f0e80abd8654860752c7d7ab12a6c84b572a9ccf7df121450052515fa36f03d38000e019c02e33846377e495200e9fa943039b154c2175ae97b7f5e45fc44908902e91f14214937a163f47fd0bb28e022a59e4012c1aa28ac8596828a0689603f0d58b3b534093ec267ecd47294020e206daf7650d1841086e5cc9ff2447a35060f05b0df740820ba013f336798a7bf6f39ebdf41140200d4d9040415411e0d80ece27d8a02d2de6f801e5c9f1ec572cabf0360f501491ffe9a08d6c47d44032414b62f6c3f232173b78144c6b15ef660473a0220a3e3de49a5946d22383d3a594f20688084fc068ec4a7820b2e1237996734c05ef4f015e25202b9980071f2e7e70f5388084e0c2b532003c0c481f833268fcd500019cc7adfc78b8c00d0925e4cdb18305e3f5ccf14246a8084e21e8ee85330df809aa60002807fd387f381f1df737ebca396b695e4660d502504a24fc17c0f327695b5ca6bc02894b5cb2a7122d8160af28980bf8a1516ab204f010451ffd61f590f40ca886d7381a1907b6e74c09c4897bbe40601c0bff1474235001bb9af2501b23280beceb17ed224b29f01a7001206fc6b9fbe360070652581794a0ee95e685affde980fa640f03375a9551a00ffc2a70606ccfb8518958052c4f1ea84160091bb041701c0bbf5ab1a80d110e899e2d514202421f30b9d5310b0a0e097e0fe82b406942022258212bf58a29602147378eff34f595be62a6c4c035688aac3200c322fea3514a0a52171d26e0a4208051017f021aa07400d37ee87ea90e1a465c905c81ae0fb483500f23ab03f7445f2276d02a7401a808f0c41e0923d56befaa9b30798f2565a03544103ea3757a0874ab73ca20e00b1e602711050050da89f0a28e84080dafed812773208a8bc06c87a0072a78a365040d5f60652779a220467c802126bf70fd4004b814fdb8b6db18ad04a805fd57b0cf1bb459a9efabc0cccda404400b426b812a01e0025558730a0a0de25b7a1001bdf0a50fd063b616b7f9a3f0cb46dfafd121200f9360602d88290e2d701d960928d0ea0e36320802b0849f1b854309d1c7a3af0052f703310605d19e40e0397360460ad76e2e32b0144d4802e7940d3ee7f37435af608a1dff53201d4f25b973e04902dac8c9778d0af9a76d034fd94e842806b2300fe2960996f72fbe81a7fa90b0186a1b15b1e09325f347c6578d9a88f060cedef028af20a27cbeb667d08200f392e8c63fc5d34e0a8430319c6df4103a43aecd044965fe18effeec2facb791a342f05afeb07eb65f5271a7f620fefae85e06557ccbc8904deeebfcf03c07cda74bdf187e80abebb690ce27420035cab337db42de93eb51301e09f3bbcefecc068ec23f3d7762e1178fbed1dbf5b7ebf0f12cd1fbc69bf4f1506de6c8fabdb3dd17e9fca07de66daee6d6f77b49d0a00df755bccfe17009001e1edbeab9d4805cbd6ac692752c1bdb6a502a0fedf009c4704442f00e03c1af827784a8df877e701e0fdfe23f9c4adfc17e7148157f873af7bfe1200dedf7edc6b9fbf4205e1f5de8702271101019d0870965448bcbef521c05944c006015ce8eb097016003e403aca3713e02c22b09d0ab198ffcc009068f0f7cc8732338106e39f0780e25468bfe10ff481ff00f7b01c444912787e0000000049454e44ae426082);
